,customer_id,recency_q,frequency_q,monetary_q,rfm_class_string,rfm_weight,customer_segment
0,1,1,1,1,111,8,Low Value Customer
1,2,3,2,1,321,20,High Value Customer
2,5,1,1,1,111,8,Low Value Customer
3,7,3,3,3,333,24,Top Customer
4,9,3,2,2,322,21,High Value Customer
5,15,1,1,1,111,8,Low Value Customer
6,18,2,2,3,223,17,High Value Customer
7,19,2,3,3,233,19,High Value Customer
8,20,4,4,4,444,32,Top Customer
9,21,4,4,4,444,32,Top Customer
10,22,3,4,4,344,27,Top Customer
11,23,2,3,4,234,20,High Value Customer
12,24,1,2,2,122,11,Low Value Customer
13,25,3,3,3,333,24,Top Customer
14,26,1,2,3,123,12,Medium Value Customer
15,27,2,3,3,233,19,High Value Customer
16,28,1,1,3,113,10,Low Value Customer
17,29,2,3,4,234,20,High Value Customer
18,30,2,1,2,212,14,Medium Value Customer
19,31,4,4,3,443,31,Top Customer
20,32,2,4,3,243,21,High Value Customer
21,33,3,4,4,344,27,Top Customer
22,34,2,3,3,233,19,High Value Customer
23,35,2,4,3,243,21,High Value Customer
24,36,1,2,1,121,10,Low Value Customer
25,37,2,3,3,233,19,High Value Customer
26,38,3,4,4,344,27,Top Customer
27,39,4,4,4,444,32,Top Customer
28,40,4,3,2,432,28,Top Customer
29,41,4,3,3,433,29,Top Customer
30,42,4,4,4,444,32,Top Customer
31,43,1,3,4,134,15,Medium Value Customer
32,44,1,1,2,112,9,Low Value Customer
33,45,3,3,4,334,25,Top Customer
34,46,3,3,4,334,25,Top Customer
35,47,4,4,3,443,31,Top Customer
36,48,3,4,3,343,26,Top Customer
37,49,4,4,4,444,32,Top Customer
38,50,1,2,2,122,11,Low Value Customer
39,51,2,4,4,244,22,High Value Customer
40,52,2,2,1,221,15,Medium Value Customer
41,53,2,3,2,232,18,High Value Customer
42,54,2,3,3,233,19,High Value Customer
43,55,2,2,3,223,17,High Value Customer
44,56,3,4,4,344,27,Top Customer
45,57,1,3,3,133,14,Medium Value Customer
46,58,2,3,4,234,20,High Value Customer
47,59,4,4,4,444,32,Top Customer
48,60,4,4,4,444,32,Top Customer
49,61,1,2,2,122,11,Low Value Customer
50,62,4,4,4,444,32,Top Customer
51,63,3,3,4,334,25,Top Customer
52,64,2,3,2,232,18,High Value Customer
53,65,4,4,4,444,32,Top Customer
54,66,1,2,1,121,10,Low Value Customer
55,67,3,3,4,334,25,Top Customer
56,68,1,2,2,122,11,Low Value Customer
57,69,4,4,4,444,32,Top Customer
58,70,2,3,4,234,20,High Value Customer
59,71,2,3,2,232,18,High Value Customer
60,72,3,4,4,344,27,Top Customer
61,73,4,3,3,433,29,Top Customer
62,74,2,1,2,212,14,Medium Value Customer
63,75,1,2,1,121,10,Low Value Customer
64,76,4,4,3,443,31,Top Customer
65,77,3,2,2,322,21,High Value Customer
66,78,4,4,3,443,31,Top Customer
67,79,4,4,3,443,31,Top Customer
68,80,4,4,4,444,32,Top Customer
69,81,1,2,1,121,10,Low Value Customer
70,82,3,3,4,334,25,Top Customer
71,83,2,4,2,242,20,High Value Customer
72,84,4,4,2,442,30,Top Customer
73,85,4,3,4,434,30,Top Customer
74,86,2,3,4,234,20,High Value Customer
75,87,2,4,2,242,20,High Value Customer
76,88,4,4,4,444,32,Top Customer
77,89,2,1,1,211,13,Medium Value Customer
78,90,3,3,3,333,24,Top Customer
79,91,4,4,4,444,32,Top Customer
80,92,4,4,3,443,31,Top Customer
81,93,4,4,3,443,31,Top Customer
82,94,1,2,2,122,11,Low Value Customer
83,95,4,4,4,444,32,Top Customer
84,96,3,4,4,344,27,Top Customer
85,97,4,4,4,444,32,Top Customer
86,98,3,3,3,333,24,Top Customer
87,99,4,4,4,444,32,Top Customer
88,100,4,4,4,444,32,Top Customer
89,101,2,3,4,234,20,High Value Customer
90,102,2,2,2,222,16,Medium Value Customer
91,103,4,4,4,444,32,Top Customer
92,104,4,4,3,443,31,Top Customer
93,105,3,3,3,333,24,Top Customer
94,106,4,4,3,443,31,Top Customer
95,107,1,3,3,133,14,Medium Value Customer
96,108,3,3,3,333,24,Top Customer
97,109,3,4,4,344,27,Top Customer
98,110,4,4,4,444,32,Top Customer
99,111,4,4,4,444,32,Top Customer
100,112,4,4,4,444,32,Top Customer
101,113,1,2,2,122,11,Low Value Customer
102,114,2,3,2,232,18,High Value Customer
103,115,4,4,4,444,32,Top Customer
104,116,4,4,4,444,32,Top Customer
105,117,3,4,4,344,27,Top Customer
106,118,3,4,4,344,27,Top Customer
107,119,4,4,4,444,32,Top Customer
108,120,3,3,3,333,24,Top Customer
109,121,1,2,3,123,12,Medium Value Customer
110,122,3,3,3,333,24,Top Customer
111,123,4,4,4,444,32,Top Customer
112,124,1,3,2,132,13,Medium Value Customer
113,125,4,4,3,443,31,Top Customer
114,126,4,4,4,444,32,Top Customer
115,127,3,4,2,342,25,Top Customer
116,128,4,4,3,443,31,Top Customer
117,129,4,3,2,432,28,Top Customer
118,130,4,4,3,443,31,Top Customer
119,131,4,4,4,444,32,Top Customer
120,132,2,4,4,244,22,High Value Customer
121,133,4,4,3,443,31,Top Customer
122,134,4,4,3,443,31,Top Customer
123,135,3,2,3,323,22,High Value Customer
124,136,4,4,4,444,32,Top Customer
125,137,4,4,3,443,31,Top Customer
126,138,2,3,3,233,19,High Value Customer
127,139,2,4,4,244,22,High Value Customer
128,140,4,4,3,443,31,Top Customer
129,141,4,3,3,433,29,Top Customer
130,142,2,2,3,223,17,High Value Customer
131,143,4,4,3,443,31,Top Customer
132,144,1,1,1,111,8,Low Value Customer
133,145,1,2,1,121,10,Low Value Customer
134,146,2,3,4,234,20,High Value Customer
135,147,4,4,4,444,32,Top Customer
136,148,3,4,4,344,27,Top Customer
137,149,1,2,2,122,11,Low Value Customer
138,150,3,3,4,334,25,Top Customer
139,151,2,3,3,233,19,High Value Customer
140,152,4,4,4,444,32,Top Customer
141,153,2,3,2,232,18,High Value Customer
142,154,1,2,2,122,11,Low Value Customer
143,155,3,3,3,333,24,Top Customer
144,156,4,4,4,444,32,Top Customer
145,157,3,3,2,332,23,Top Customer
146,158,3,3,2,332,23,Top Customer
147,159,2,1,2,212,14,Medium Value Customer
148,160,4,4,4,444,32,Top Customer
149,161,1,2,2,122,11,Low Value Customer
150,162,1,1,1,111,8,Low Value Customer
151,163,2,2,3,223,17,High Value Customer
152,164,2,3,3,233,19,High Value Customer
153,165,3,4,2,342,25,Top Customer
154,166,3,4,4,344,27,Top Customer
155,167,3,4,3,343,26,Top Customer
156,168,3,4,4,344,27,Top Customer
157,169,4,4,4,444,32,Top Customer
158,170,4,4,4,444,32,Top Customer
159,171,4,4,3,443,31,Top Customer
160,172,1,3,3,133,14,Medium Value Customer
161,173,3,3,3,333,24,Top Customer
162,174,4,4,4,444,32,Top Customer
163,175,4,3,3,433,29,Top Customer
164,176,4,3,2,432,28,Top Customer
165,177,3,4,2,342,25,Top Customer
166,178,1,2,3,123,12,Medium Value Customer
167,179,4,4,4,444,32,Top Customer
168,180,4,3,4,434,30,Top Customer
169,181,2,3,4,234,20,High Value Customer
170,182,2,2,1,221,15,Medium Value Customer
171,183,3,3,4,334,25,Top Customer
172,184,3,4,3,343,26,Top Customer
173,185,3,4,4,344,27,Top Customer
174,186,3,4,4,344,27,Top Customer
175,187,4,4,4,444,32,Top Customer
176,188,1,2,1,121,10,Low Value Customer
177,189,1,2,3,123,12,Medium Value Customer
178,190,1,3,2,132,13,Medium Value Customer
179,191,4,4,4,444,32,Top Customer
180,192,3,2,4,324,23,Top Customer
181,193,4,4,4,444,32,Top Customer
182,194,4,4,3,443,31,Top Customer
183,195,2,4,4,244,22,High Value Customer
184,196,4,4,4,444,32,Top Customer
185,197,4,3,3,433,29,Top Customer
186,198,4,4,4,444,32,Top Customer
187,199,4,3,4,434,30,Top Customer
188,200,4,4,4,444,32,Top Customer
189,201,1,1,1,111,8,Low Value Customer
190,202,3,4,4,344,27,Top Customer
191,203,4,4,4,444,32,Top Customer
192,204,4,4,4,444,32,Top Customer
193,205,3,3,4,334,25,Top Customer
194,206,4,4,4,444,32,Top Customer
195,207,4,4,4,444,32,Top Customer
196,208,4,4,4,444,32,Top Customer
197,209,4,3,2,432,28,Top Customer
198,210,4,4,4,444,32,Top Customer
199,211,4,4,4,444,32,Top Customer
200,212,3,4,4,344,27,Top Customer
201,213,2,2,1,221,15,Medium Value Customer
202,214,4,4,4,444,32,Top Customer
203,215,3,4,3,343,26,Top Customer
204,216,3,2,4,324,23,Top Customer
205,217,4,3,4,434,30,Top Customer
206,218,4,4,4,444,32,Top Customer
207,219,2,2,1,221,15,Medium Value Customer
208,220,2,3,3,233,19,High Value Customer
209,221,4,4,3,443,31,Top Customer
210,222,2,3,2,232,18,High Value Customer
211,223,1,2,2,122,11,Low Value Customer
212,224,4,4,4,444,32,Top Customer
213,225,4,4,4,444,32,Top Customer
214,226,3,4,3,343,26,Top Customer
215,227,2,2,1,221,15,Medium Value Customer
216,228,1,1,1,111,8,Low Value Customer
217,229,4,4,4,444,32,Top Customer
218,230,3,3,3,333,24,Top Customer
219,231,1,3,2,132,13,Medium Value Customer
220,232,4,4,4,444,32,Top Customer
221,233,3,4,3,343,26,Top Customer
222,234,3,4,3,343,26,Top Customer
223,235,3,2,3,323,22,High Value Customer
224,236,4,4,4,444,32,Top Customer
225,237,4,4,4,444,32,Top Customer
226,238,4,4,3,443,31,Top Customer
227,239,4,3,2,432,28,Top Customer
228,240,4,4,4,444,32,Top Customer
229,241,4,4,4,444,32,Top Customer
230,242,4,4,4,444,32,Top Customer
231,243,2,4,4,244,22,High Value Customer
232,244,4,4,4,444,32,Top Customer
233,245,1,1,3,113,10,Low Value Customer
234,246,1,2,3,123,12,Medium Value Customer
235,247,4,4,4,444,32,Top Customer
236,248,2,4,4,244,22,High Value Customer
237,249,3,4,4,344,27,Top Customer
238,250,1,3,2,132,13,Medium Value Customer
239,251,4,4,4,444,32,Top Customer
240,252,3,4,4,344,27,Top Customer
241,253,4,2,2,422,26,Top Customer
242,254,1,2,4,124,13,Medium Value Customer
243,255,4,4,2,442,30,Top Customer
244,256,3,4,4,344,27,Top Customer
245,257,1,1,2,112,9,Low Value Customer
246,258,2,2,2,222,16,Medium Value Customer
247,259,2,2,2,222,16,Medium Value Customer
248,260,4,4,4,444,32,Top Customer
249,261,1,3,4,134,15,Medium Value Customer
250,262,4,4,4,444,32,Top Customer
251,263,3,3,2,332,23,Top Customer
252,264,3,4,4,344,27,Top Customer
253,265,2,4,3,243,21,High Value Customer
254,266,2,3,4,234,20,High Value Customer
255,267,2,2,1,221,15,Medium Value Customer
256,268,4,3,3,433,29,Top Customer
257,269,4,4,4,444,32,Top Customer
258,270,2,2,2,222,16,Medium Value Customer
259,271,1,1,4,114,11,Low Value Customer
260,272,1,2,2,122,11,Low Value Customer
261,273,2,4,4,244,22,High Value Customer
262,274,2,4,3,243,21,High Value Customer
263,275,4,4,4,444,32,Top Customer
264,276,3,4,4,344,27,Top Customer
265,277,2,3,3,233,19,High Value Customer
266,278,2,3,4,234,20,High Value Customer
267,279,1,3,3,133,14,Medium Value Customer
268,280,2,3,2,232,18,High Value Customer
269,281,4,4,4,444,32,Top Customer
270,282,4,4,3,443,31,Top Customer
271,283,4,2,2,422,26,Top Customer
272,284,4,4,4,444,32,Top Customer
273,285,1,1,1,111,8,Low Value Customer
274,286,1,3,3,133,14,Medium Value Customer
275,287,4,4,3,443,31,Top Customer
276,288,4,3,3,433,29,Top Customer
277,289,3,4,4,344,27,Top Customer
278,290,1,1,2,112,9,Low Value Customer
279,291,4,3,3,433,29,Top Customer
280,292,1,2,4,124,13,Medium Value Customer
281,293,4,4,3,443,31,Top Customer
282,294,1,1,3,113,10,Low Value Customer
283,295,2,3,2,232,18,High Value Customer
284,296,4,4,3,443,31,Top Customer
285,297,2,3,2,232,18,High Value Customer
286,298,4,4,4,444,32,Top Customer
287,299,4,4,4,444,32,Top Customer
288,300,2,3,1,231,17,High Value Customer
289,301,1,2,2,122,11,Low Value Customer
290,302,2,2,2,222,16,Medium Value Customer
291,303,4,4,3,443,31,Top Customer
292,304,2,4,2,242,20,High Value Customer
293,305,4,4,2,442,30,Top Customer
294,306,2,3,3,233,19,High Value Customer
295,307,3,3,3,333,24,Top Customer
296,308,1,2,2,122,11,Low Value Customer
297,309,2,3,2,232,18,High Value Customer
298,310,4,3,2,432,28,Top Customer
299,311,4,4,4,444,32,Top Customer
300,312,4,4,4,444,32,Top Customer
301,313,4,4,4,444,32,Top Customer
302,314,2,3,4,234,20,High Value Customer
303,315,1,3,4,134,15,Medium Value Customer
304,316,3,3,4,334,25,Top Customer
305,317,3,3,3,333,24,Top Customer
306,318,1,2,2,122,11,Low Value Customer
307,319,4,4,4,444,32,Top Customer
308,320,1,2,2,122,11,Low Value Customer
309,321,3,3,4,334,25,Top Customer
310,322,3,2,1,321,20,High Value Customer
311,323,1,2,1,121,10,Low Value Customer
312,324,2,3,2,232,18,High Value Customer
313,325,3,4,4,344,27,Top Customer
314,326,4,3,3,433,29,Top Customer
315,327,4,4,4,444,32,Top Customer
316,328,4,4,4,444,32,Top Customer
317,329,2,4,4,244,22,High Value Customer
318,330,3,3,2,332,23,Top Customer
319,331,3,3,3,333,24,Top Customer
320,332,3,4,4,344,27,Top Customer
321,333,4,3,3,433,29,Top Customer
322,334,4,4,3,443,31,Top Customer
323,335,3,3,4,334,25,Top Customer
324,336,3,3,4,334,25,Top Customer
325,337,2,2,2,222,16,Medium Value Customer
326,338,3,3,2,332,23,Top Customer
327,339,4,3,2,432,28,Top Customer
328,340,1,2,3,123,12,Medium Value Customer
329,341,4,4,3,443,31,Top Customer
330,342,3,3,3,333,24,Top Customer
331,343,1,2,2,122,11,Low Value Customer
332,344,1,2,1,121,10,Low Value Customer
333,345,4,4,4,444,32,Top Customer
334,346,2,4,4,244,22,High Value Customer
335,347,4,4,3,443,31,Top Customer
336,348,4,3,2,432,28,Top Customer
337,349,1,2,2,122,11,Low Value Customer
338,350,4,4,3,443,31,Top Customer
339,351,4,4,4,444,32,Top Customer
340,352,3,3,2,332,23,Top Customer
341,353,3,4,4,344,27,Top Customer
342,354,3,3,3,333,24,Top Customer
343,355,4,4,4,444,32,Top Customer
344,356,4,4,4,444,32,Top Customer
345,357,4,4,3,443,31,Top Customer
346,358,4,4,4,444,32,Top Customer
347,359,3,3,4,334,25,Top Customer
348,360,4,4,4,444,32,Top Customer
349,361,4,3,3,433,29,Top Customer
350,362,1,2,2,122,11,Low Value Customer
351,363,3,3,4,334,25,Top Customer
352,364,2,2,1,221,15,Medium Value Customer
353,365,1,3,3,133,14,Medium Value Customer
354,366,3,3,4,334,25,Top Customer
355,367,1,1,2,112,9,Low Value Customer
356,368,4,4,4,444,32,Top Customer
357,369,1,2,2,122,11,Low Value Customer
358,370,4,4,3,443,31,Top Customer
359,371,4,3,4,434,30,Top Customer
360,372,4,4,4,444,32,Top Customer
361,373,4,4,4,444,32,Top Customer
362,374,4,4,4,444,32,Top Customer
363,375,2,4,4,244,22,High Value Customer
364,376,4,4,4,444,32,Top Customer
365,377,1,2,4,124,13,Medium Value Customer
366,378,1,1,1,111,8,Low Value Customer
367,379,4,2,2,422,26,Top Customer
368,380,1,2,2,122,11,Low Value Customer
369,381,3,4,3,343,26,Top Customer
370,382,3,4,4,344,27,Top Customer
371,383,4,4,2,442,30,Top Customer
372,384,2,2,2,222,16,Medium Value Customer
373,385,4,4,3,443,31,Top Customer
374,386,3,4,3,343,26,Top Customer
375,387,4,3,3,433,29,Top Customer
376,388,1,3,3,133,14,Medium Value Customer
377,389,3,3,2,332,23,Top Customer
378,390,4,4,4,444,32,Top Customer
379,391,3,4,4,344,27,Top Customer
380,392,1,2,4,124,13,Medium Value Customer
381,393,4,4,4,444,32,Top Customer
382,394,4,4,3,443,31,Top Customer
383,395,1,3,2,132,13,Medium Value Customer
384,396,4,4,4,444,32,Top Customer
385,397,4,4,3,443,31,Top Customer
386,398,4,3,2,432,28,Top Customer
387,399,4,4,4,444,32,Top Customer
388,400,4,3,4,434,30,Top Customer
389,401,1,2,2,122,11,Low Value Customer
390,402,4,4,4,444,32,Top Customer
391,403,2,3,3,233,19,High Value Customer
392,404,4,4,4,444,32,Top Customer
393,405,1,3,3,133,14,Medium Value Customer
394,406,4,4,4,444,32,Top Customer
395,407,2,3,2,232,18,High Value Customer
396,408,3,4,4,344,27,Top Customer
397,409,2,1,1,211,13,Medium Value Customer
398,410,1,3,2,132,13,Medium Value Customer
399,411,2,3,4,234,20,High Value Customer
400,412,3,4,4,344,27,Top Customer
401,413,4,4,4,444,32,Top Customer
402,414,1,2,2,122,11,Low Value Customer
403,415,2,3,3,233,19,High Value Customer
404,416,3,3,4,334,25,Top Customer
405,417,3,4,4,344,27,Top Customer
406,418,2,4,3,243,21,High Value Customer
407,419,4,4,4,444,32,Top Customer
408,420,4,4,4,444,32,Top Customer
409,421,1,2,4,124,13,Medium Value Customer
410,422,3,4,3,343,26,Top Customer
411,423,2,3,2,232,18,High Value Customer
412,424,2,4,4,244,22,High Value Customer
413,425,4,4,2,442,30,Top Customer
414,426,3,4,4,344,27,Top Customer
415,427,3,4,4,344,27,Top Customer
416,428,2,3,3,233,19,High Value Customer
417,429,3,4,3,343,26,Top Customer
418,430,1,2,3,123,12,Medium Value Customer
419,431,2,3,4,234,20,High Value Customer
420,432,4,3,2,432,28,Top Customer
421,433,4,3,3,433,29,Top Customer
422,434,2,3,3,233,19,High Value Customer
423,435,3,2,2,322,21,High Value Customer
424,436,2,4,3,243,21,High Value Customer
425,437,2,2,2,222,16,Medium Value Customer
426,438,3,3,4,334,25,Top Customer
427,439,4,4,4,444,32,Top Customer
428,440,4,4,4,444,32,Top Customer
429,441,2,2,2,222,16,Medium Value Customer
430,442,1,2,3,123,12,Medium Value Customer
431,443,4,4,4,444,32,Top Customer
432,444,1,2,3,123,12,Medium Value Customer
433,445,4,3,4,434,30,Top Customer
434,446,3,4,4,344,27,Top Customer
435,447,2,2,2,222,16,Medium Value Customer
436,448,3,3,3,333,24,Top Customer
437,449,2,1,2,212,14,Medium Value Customer
438,450,2,3,4,234,20,High Value Customer
439,451,4,3,4,434,30,Top Customer
440,452,4,3,3,433,29,Top Customer
441,453,2,2,2,222,16,Medium Value Customer
442,454,3,4,4,344,27,Top Customer
443,455,4,3,2,432,28,Top Customer
444,456,1,2,2,122,11,Low Value Customer
445,457,3,4,4,344,27,Top Customer
446,458,2,3,4,234,20,High Value Customer
447,459,3,3,4,334,25,Top Customer
448,460,4,4,4,444,32,Top Customer
449,461,4,4,3,443,31,Top Customer
450,462,4,4,4,444,32,Top Customer
451,463,4,4,4,444,32,Top Customer
452,464,4,4,3,443,31,Top Customer
453,465,1,1,1,111,8,Low Value Customer
454,466,4,4,4,444,32,Top Customer
455,467,4,4,4,444,32,Top Customer
456,468,2,3,4,234,20,High Value Customer
457,469,2,3,4,234,20,High Value Customer
458,470,1,3,3,133,14,Medium Value Customer
459,471,2,4,4,244,22,High Value Customer
460,472,3,3,4,334,25,Top Customer
461,473,2,3,4,234,20,High Value Customer
462,474,3,3,2,332,23,Top Customer
463,475,3,3,2,332,23,Top Customer
464,476,4,4,4,444,32,Top Customer
465,477,4,4,4,444,32,Top Customer
466,478,2,3,3,233,19,High Value Customer
467,479,3,4,4,344,27,Top Customer
468,480,2,4,4,244,22,High Value Customer
469,481,1,2,2,122,11,Low Value Customer
470,482,4,4,4,444,32,Top Customer
471,483,1,2,1,121,10,Low Value Customer
472,484,2,4,4,244,22,High Value Customer
473,485,1,1,1,111,8,Low Value Customer
474,486,4,4,4,444,32,Top Customer
475,487,4,3,3,433,29,Top Customer
476,488,4,4,3,443,31,Top Customer
477,489,4,3,4,434,30,Top Customer
478,490,4,4,4,444,32,Top Customer
479,491,4,4,4,444,32,Top Customer
480,492,4,4,4,444,32,Top Customer
481,493,2,4,3,243,21,High Value Customer
482,494,3,3,3,333,24,Top Customer
483,495,1,3,4,134,15,Medium Value Customer
484,496,1,3,3,133,14,Medium Value Customer
485,497,4,4,2,442,30,Top Customer
486,498,4,4,4,444,32,Top Customer
487,499,4,4,2,442,30,Top Customer
488,500,4,3,4,434,30,Top Customer
489,501,2,4,4,244,22,High Value Customer
490,502,4,4,4,444,32,Top Customer
491,503,4,4,3,443,31,Top Customer
492,504,3,2,3,323,22,High Value Customer
493,505,2,4,3,243,21,High Value Customer
494,506,3,3,3,333,24,Top Customer
495,507,3,3,3,333,24,Top Customer
496,508,4,4,4,444,32,Top Customer
497,509,3,3,3,333,24,Top Customer
498,510,4,4,4,444,32,Top Customer
499,511,3,3,3,333,24,Top Customer
500,512,3,2,4,324,23,Top Customer
501,513,1,1,1,111,8,Low Value Customer
502,514,4,3,2,432,28,Top Customer
503,515,3,4,3,343,26,Top Customer
504,516,1,3,3,133,14,Medium Value Customer
505,517,4,4,4,444,32,Top Customer
506,518,4,4,4,444,32,Top Customer
507,519,3,3,3,333,24,Top Customer
508,520,3,2,2,322,21,High Value Customer
509,521,2,2,3,223,17,High Value Customer
510,522,1,2,1,121,10,Low Value Customer
511,523,1,1,1,111,8,Low Value Customer
512,524,2,2,3,223,17,High Value Customer
513,525,2,4,3,243,21,High Value Customer
514,526,2,3,4,234,20,High Value Customer
515,527,3,3,3,333,24,Top Customer
516,528,4,4,3,443,31,Top Customer
517,529,3,3,2,332,23,Top Customer
518,530,3,4,4,344,27,Top Customer
519,531,4,4,4,444,32,Top Customer
520,532,1,2,2,122,11,Low Value Customer
521,533,4,4,3,443,31,Top Customer
522,534,1,1,1,111,8,Low Value Customer
523,535,2,2,4,224,18,High Value Customer
524,536,4,3,3,433,29,Top Customer
525,537,3,3,2,332,23,Top Customer
526,538,4,4,4,444,32,Top Customer
527,539,2,1,1,211,13,Medium Value Customer
528,540,1,1,3,113,10,Low Value Customer
529,541,1,3,4,134,15,Medium Value Customer
530,542,1,2,4,124,13,Medium Value Customer
531,543,2,3,3,233,19,High Value Customer
532,544,4,4,4,444,32,Top Customer
533,545,3,3,3,333,24,Top Customer
534,546,4,4,4,444,32,Top Customer
535,547,4,4,4,444,32,Top Customer
536,548,1,3,3,133,14,Medium Value Customer
537,549,2,3,3,233,19,High Value Customer
538,550,1,1,2,112,9,Low Value Customer
539,551,1,2,2,122,11,Low Value Customer
540,552,3,3,4,334,25,Top Customer
541,553,4,4,4,444,32,Top Customer
542,554,4,4,4,444,32,Top Customer
543,555,2,4,3,243,21,High Value Customer
544,556,1,3,3,133,14,Medium Value Customer
545,557,3,3,3,333,24,Top Customer
546,558,1,1,1,111,8,Low Value Customer
547,559,3,2,1,321,20,High Value Customer
548,560,3,3,2,332,23,Top Customer
549,561,4,4,4,444,32,Top Customer
550,562,1,2,2,122,11,Low Value Customer
551,563,2,2,2,222,16,Medium Value Customer
552,564,2,3,2,232,18,High Value Customer
553,565,2,3,4,234,20,High Value Customer
554,566,4,3,2,432,28,Top Customer
555,567,4,4,4,444,32,Top Customer
556,568,1,2,2,122,11,Low Value Customer
557,569,2,2,2,222,16,Medium Value Customer
558,570,2,2,1,221,15,Medium Value Customer
559,571,3,2,2,322,21,High Value Customer
560,572,4,3,4,434,30,Top Customer
561,573,3,1,3,313,20,High Value Customer
562,574,4,4,4,444,32,Top Customer
563,575,3,3,3,333,24,Top Customer
564,576,4,4,4,444,32,Top Customer
565,577,2,3,3,233,19,High Value Customer
566,578,4,4,4,444,32,Top Customer
567,579,4,2,3,423,27,Top Customer
568,580,2,3,2,232,18,High Value Customer
569,581,1,1,1,111,8,Low Value Customer
570,582,4,4,4,444,32,Top Customer
571,583,4,3,3,433,29,Top Customer
572,584,4,3,2,432,28,Top Customer
573,585,3,3,3,333,24,Top Customer
574,586,2,4,2,242,20,High Value Customer
575,587,1,2,2,122,11,Low Value Customer
576,588,3,2,2,322,21,High Value Customer
577,589,3,3,3,333,24,Top Customer
578,590,3,3,2,332,23,Top Customer
579,591,3,2,1,321,20,High Value Customer
580,592,2,2,2,222,16,Medium Value Customer
581,593,3,3,2,332,23,Top Customer
582,594,2,2,4,224,18,High Value Customer
583,595,2,2,2,222,16,Medium Value Customer
584,596,1,1,1,111,8,Low Value Customer
585,597,4,3,2,432,28,Top Customer
586,598,4,4,4,444,32,Top Customer
587,599,3,3,2,332,23,Top Customer
588,600,3,4,4,344,27,Top Customer
589,601,2,2,2,222,16,Medium Value Customer
590,602,4,4,3,443,31,Top Customer
591,603,1,3,2,132,13,Medium Value Customer
592,604,3,3,3,333,24,Top Customer
593,605,4,4,4,444,32,Top Customer
594,606,4,2,2,422,26,Top Customer
595,607,4,4,4,444,32,Top Customer
596,608,2,4,3,243,21,High Value Customer
597,609,3,3,2,332,23,Top Customer
598,610,1,3,3,133,14,Medium Value Customer
599,611,4,4,4,444,32,Top Customer
600,612,1,2,3,123,12,Medium Value Customer
601,613,3,2,2,322,21,High Value Customer
602,614,1,2,1,121,10,Low Value Customer
603,615,4,4,3,443,31,Top Customer
604,616,3,4,3,343,26,Top Customer
605,617,3,2,2,322,21,High Value Customer
606,618,3,4,2,342,25,Top Customer
607,619,4,4,4,444,32,Top Customer
608,620,3,2,2,322,21,High Value Customer
609,621,4,4,4,444,32,Top Customer
610,622,3,4,3,343,26,Top Customer
611,623,4,3,2,432,28,Top Customer
612,624,2,3,3,233,19,High Value Customer
613,625,1,3,2,132,13,Medium Value Customer
614,626,4,4,3,443,31,Top Customer
615,627,3,3,2,332,23,Top Customer
616,628,4,4,3,443,31,Top Customer
617,629,2,3,3,233,19,High Value Customer
618,630,1,3,2,132,13,Medium Value Customer
619,631,4,4,2,442,30,Top Customer
620,632,3,3,2,332,23,Top Customer
621,633,4,4,3,443,31,Top Customer
622,634,2,3,3,233,19,High Value Customer
623,635,1,1,1,111,8,Low Value Customer
624,636,4,4,3,443,31,Top Customer
625,637,4,4,4,444,32,Top Customer
626,638,1,1,2,112,9,Low Value Customer
627,639,3,4,3,343,26,Top Customer
628,640,3,4,3,343,26,Top Customer
629,641,2,1,1,211,13,Medium Value Customer
630,642,1,1,2,112,9,Low Value Customer
631,643,4,4,3,443,31,Top Customer
632,644,3,2,2,322,21,High Value Customer
633,645,1,2,2,122,11,Low Value Customer
634,646,2,2,3,223,17,High Value Customer
635,647,3,3,2,332,23,Top Customer
636,648,2,2,1,221,15,Medium Value Customer
637,649,2,4,4,244,22,High Value Customer
638,650,4,3,4,434,30,Top Customer
639,651,2,1,1,211,13,Medium Value Customer
640,652,3,3,2,332,23,Top Customer
641,653,4,4,4,444,32,Top Customer
642,654,4,2,2,422,26,Top Customer
643,655,4,4,3,443,31,Top Customer
644,656,4,4,3,443,31,Top Customer
645,657,3,3,3,333,24,Top Customer
646,658,4,3,4,434,30,Top Customer
647,659,2,2,4,224,18,High Value Customer
648,660,3,3,3,333,24,Top Customer
649,661,2,2,3,223,17,High Value Customer
650,662,4,4,4,444,32,Top Customer
651,663,2,2,1,221,15,Medium Value Customer
652,664,3,3,3,333,24,Top Customer
653,665,1,2,2,122,11,Low Value Customer
654,666,1,1,1,111,8,Low Value Customer
655,667,1,1,2,112,9,Low Value Customer
656,668,2,3,3,233,19,High Value Customer
657,669,4,4,3,443,31,Top Customer
658,670,4,4,4,444,32,Top Customer
659,671,2,2,1,221,15,Medium Value Customer
660,672,4,4,4,444,32,Top Customer
661,673,4,3,3,433,29,Top Customer
662,674,2,2,2,222,16,Medium Value Customer
663,675,4,4,4,444,32,Top Customer
664,676,1,1,1,111,8,Low Value Customer
665,677,4,2,2,422,26,Top Customer
666,678,2,2,1,221,15,Medium Value Customer
667,679,3,4,4,344,27,Top Customer
668,680,2,4,4,244,22,High Value Customer
669,681,2,2,2,222,16,Medium Value Customer
670,682,1,1,1,111,8,Low Value Customer
671,683,4,4,2,442,30,Top Customer
672,684,1,2,2,122,11,Low Value Customer
673,685,2,3,4,234,20,High Value Customer
674,686,1,1,1,111,8,Low Value Customer
675,687,4,4,4,444,32,Top Customer
676,688,1,1,1,111,8,Low Value Customer
677,689,4,3,3,433,29,Top Customer
678,690,1,4,4,144,17,High Value Customer
679,691,3,2,1,321,20,High Value Customer
680,692,2,2,3,223,17,High Value Customer
681,693,3,4,4,344,27,Top Customer
682,694,3,3,3,333,24,Top Customer
683,695,1,1,2,112,9,Low Value Customer
684,696,1,2,3,123,12,Medium Value Customer
685,697,4,3,2,432,28,Top Customer
686,698,3,2,2,322,21,High Value Customer
687,699,4,4,4,444,32,Top Customer
688,700,2,3,2,232,18,High Value Customer
689,701,3,3,2,332,23,Top Customer
690,702,4,3,3,433,29,Top Customer
691,703,2,3,2,232,18,High Value Customer
692,704,2,2,2,222,16,Medium Value Customer
693,705,1,2,2,122,11,Low Value Customer
694,706,2,3,3,233,19,High Value Customer
695,707,2,1,3,213,15,Medium Value Customer
696,708,3,4,3,343,26,Top Customer
697,709,3,2,2,322,21,High Value Customer
698,710,4,3,3,433,29,Top Customer
699,711,1,1,2,112,9,Low Value Customer
700,712,3,1,4,314,21,High Value Customer
701,713,2,4,4,244,22,High Value Customer
702,714,2,2,2,222,16,Medium Value Customer
703,715,4,4,3,443,31,Top Customer
704,716,4,4,3,443,31,Top Customer
705,717,4,4,2,442,30,Top Customer
706,718,2,3,3,233,19,High Value Customer
707,719,1,1,1,111,8,Low Value Customer
708,720,2,2,1,221,15,Medium Value Customer
709,721,4,4,4,444,32,Top Customer
710,722,3,1,1,311,18,High Value Customer
711,723,4,3,4,434,30,Top Customer
712,724,2,2,1,221,15,Medium Value Customer
713,725,1,1,2,112,9,Low Value Customer
714,726,2,2,3,223,17,High Value Customer
715,727,1,2,1,121,10,Low Value Customer
716,728,4,4,3,443,31,Top Customer
717,729,3,4,3,343,26,Top Customer
718,730,2,2,2,222,16,Medium Value Customer
719,731,2,3,4,234,20,High Value Customer
720,732,1,1,2,112,9,Low Value Customer
721,733,4,4,3,443,31,Top Customer
722,734,3,3,4,334,25,Top Customer
723,735,3,3,2,332,23,Top Customer
724,736,4,4,4,444,32,Top Customer
725,737,2,2,3,223,17,High Value Customer
726,738,1,2,2,122,11,Low Value Customer
727,739,2,2,2,222,16,Medium Value Customer
728,740,2,4,4,244,22,High Value Customer
729,741,3,2,4,324,23,Top Customer
730,742,3,2,2,322,21,High Value Customer
731,743,1,1,2,112,9,Low Value Customer
732,744,3,2,2,322,21,High Value Customer
733,745,3,3,4,334,25,Top Customer
734,746,2,2,3,223,17,High Value Customer
735,747,1,2,3,123,12,Medium Value Customer
736,748,2,2,2,222,16,Medium Value Customer
737,749,3,2,2,322,21,High Value Customer
738,750,4,4,3,443,31,Top Customer
739,751,2,2,1,221,15,Medium Value Customer
740,752,3,3,2,332,23,Top Customer
741,753,2,3,2,232,18,High Value Customer
742,754,1,2,2,122,11,Low Value Customer
743,755,1,1,1,111,8,Low Value Customer
744,756,1,1,3,113,10,Low Value Customer
745,757,3,3,3,333,24,Top Customer
746,758,4,3,2,432,28,Top Customer
747,759,2,2,4,224,18,High Value Customer
748,760,2,3,2,232,18,High Value Customer
749,761,2,2,3,223,17,High Value Customer
750,762,2,2,2,222,16,Medium Value Customer
751,763,2,3,4,234,20,High Value Customer
752,764,3,2,2,322,21,High Value Customer
753,765,3,2,2,322,21,High Value Customer
754,766,1,1,2,112,9,Low Value Customer
755,767,2,2,1,221,15,Medium Value Customer
756,768,3,1,1,311,18,High Value Customer
757,769,3,3,3,333,24,Top Customer
758,770,1,1,1,111,8,Low Value Customer
759,771,1,1,1,111,8,Low Value Customer
760,772,4,3,3,433,29,Top Customer
761,773,4,3,2,432,28,Top Customer
762,774,4,3,2,432,28,Top Customer
763,775,4,4,3,443,31,Top Customer
764,776,1,1,1,111,8,Low Value Customer
765,777,4,2,3,423,27,Top Customer
766,778,2,1,3,213,15,Medium Value Customer
767,779,4,4,3,443,31,Top Customer
768,780,2,2,1,221,15,Medium Value Customer
769,781,1,1,2,112,9,Low Value Customer
770,782,4,4,4,444,32,Top Customer
771,783,2,1,2,212,14,Medium Value Customer
772,784,1,2,2,122,11,Low Value Customer
773,785,2,2,2,222,16,Medium Value Customer
774,786,1,1,1,111,8,Low Value Customer
775,787,3,3,4,334,25,Top Customer
776,788,4,3,2,432,28,Top Customer
777,789,3,4,4,344,27,Top Customer
778,790,3,3,2,332,23,Top Customer
779,791,1,1,1,111,8,Low Value Customer
780,792,1,2,1,121,10,Low Value Customer
781,793,2,3,3,233,19,High Value Customer
782,794,2,3,2,232,18,High Value Customer
783,795,1,1,1,111,8,Low Value Customer
784,796,4,3,4,434,30,Top Customer
785,797,1,1,1,111,8,Low Value Customer
786,798,4,4,4,444,32,Top Customer
787,799,1,2,2,122,11,Low Value Customer
788,800,3,3,3,333,24,Top Customer
789,801,2,1,1,211,13,Medium Value Customer
790,802,4,4,4,444,32,Top Customer
791,803,3,3,2,332,23,Top Customer
792,804,4,3,2,432,28,Top Customer
793,805,3,3,3,333,24,Top Customer
794,806,4,4,4,444,32,Top Customer
795,807,4,3,4,434,30,Top Customer
796,808,2,2,3,223,17,High Value Customer
797,809,3,2,2,322,21,High Value Customer
798,810,4,3,2,432,28,Top Customer
799,811,3,3,3,333,24,Top Customer
800,812,2,2,2,222,16,Medium Value Customer
801,813,2,3,2,232,18,High Value Customer
802,814,1,1,1,111,8,Low Value Customer
803,815,1,1,1,111,8,Low Value Customer
804,816,3,1,2,312,19,High Value Customer
805,817,1,2,1,121,10,Low Value Customer
806,818,2,3,4,234,20,High Value Customer
807,819,4,4,4,444,32,Top Customer
808,820,3,3,2,332,23,Top Customer
809,821,2,3,3,233,19,High Value Customer
810,822,1,2,1,121,10,Low Value Customer
811,823,2,1,1,211,13,Medium Value Customer
812,824,2,2,2,222,16,Medium Value Customer
813,825,1,1,1,111,8,Low Value Customer
814,826,1,1,1,111,8,Low Value Customer
815,827,1,1,1,111,8,Low Value Customer
816,828,4,2,2,422,26,Top Customer
817,829,4,3,2,432,28,Top Customer
818,830,2,3,1,231,17,High Value Customer
819,831,1,1,4,114,11,Low Value Customer
820,832,4,2,4,424,28,Top Customer
821,833,2,1,1,211,13,Medium Value Customer
822,834,3,1,2,312,19,High Value Customer
823,835,1,2,1,121,10,Low Value Customer
824,836,1,1,1,111,8,Low Value Customer
825,837,3,4,4,344,27,Top Customer
826,838,1,2,3,123,12,Medium Value Customer
827,839,1,1,2,112,9,Low Value Customer
828,840,3,3,4,334,25,Top Customer
829,841,1,1,1,111,8,Low Value Customer
830,842,2,2,1,221,15,Medium Value Customer
831,843,3,4,4,344,27,Top Customer
832,844,4,3,4,434,30,Top Customer
833,845,1,1,1,111,8,Low Value Customer
834,846,2,3,2,232,18,High Value Customer
835,847,4,4,3,443,31,Top Customer
836,848,2,1,2,212,14,Medium Value Customer
837,849,4,4,4,444,32,Top Customer
838,850,3,4,2,342,25,Top Customer
839,851,4,4,4,444,32,Top Customer
840,852,4,2,2,422,26,Top Customer
841,853,1,1,2,112,9,Low Value Customer
842,854,2,2,2,222,16,Medium Value Customer
843,855,2,3,3,233,19,High Value Customer
844,856,3,4,4,344,27,Top Customer
845,857,1,2,1,121,10,Low Value Customer
846,858,4,4,3,443,31,Top Customer
847,859,1,3,2,132,13,Medium Value Customer
848,860,1,1,1,111,8,Low Value Customer
849,861,1,1,2,112,9,Low Value Customer
850,862,3,2,3,323,22,High Value Customer
851,863,2,3,3,233,19,High Value Customer
852,864,3,2,3,323,22,High Value Customer
853,865,1,1,1,111,8,Low Value Customer
854,866,1,2,2,122,11,Low Value Customer
855,867,4,4,2,442,30,Top Customer
856,868,4,3,4,434,30,Top Customer
857,869,1,1,1,111,8,Low Value Customer
858,870,1,2,3,123,12,Medium Value Customer
859,871,3,2,3,323,22,High Value Customer
860,872,3,2,2,322,21,High Value Customer
861,873,4,3,3,433,29,Top Customer
862,874,1,1,2,112,9,Low Value Customer
863,875,2,1,4,214,16,Medium Value Customer
864,876,1,1,1,111,8,Low Value Customer
865,877,1,2,1,121,10,Low Value Customer
866,878,4,3,3,433,29,Top Customer
867,879,1,1,3,113,10,Low Value Customer
868,880,3,2,3,323,22,High Value Customer
869,881,3,3,3,333,24,Top Customer
870,882,1,1,1,111,8,Low Value Customer
871,883,2,1,2,212,14,Medium Value Customer
872,884,3,2,4,324,23,Top Customer
873,885,3,4,4,344,27,Top Customer
874,886,2,2,1,221,15,Medium Value Customer
875,887,4,3,3,433,29,Top Customer
876,888,3,2,1,321,20,High Value Customer
877,889,2,1,4,214,16,Medium Value Customer
878,890,4,4,4,444,32,Top Customer
879,891,2,3,3,233,19,High Value Customer
880,892,2,2,1,221,15,Medium Value Customer
881,893,2,3,3,233,19,High Value Customer
882,894,2,3,2,232,18,High Value Customer
883,895,4,3,3,433,29,Top Customer
884,896,3,1,1,311,18,High Value Customer
885,897,2,3,3,233,19,High Value Customer
886,898,2,2,4,224,18,High Value Customer
887,899,4,3,3,433,29,Top Customer
888,900,3,3,2,332,23,Top Customer
889,901,3,2,2,322,21,High Value Customer
890,902,2,2,2,222,16,Medium Value Customer
891,903,1,1,1,111,8,Low Value Customer
892,904,3,2,3,323,22,High Value Customer
893,905,2,2,2,222,16,Medium Value Customer
894,906,3,2,4,324,23,Top Customer
895,907,4,4,4,444,32,Top Customer
896,908,4,4,3,443,31,Top Customer
897,909,2,3,1,231,17,High Value Customer
898,910,2,1,1,211,13,Medium Value Customer
899,911,4,3,4,434,30,Top Customer
900,912,2,3,3,233,19,High Value Customer
901,913,1,2,2,122,11,Low Value Customer
902,914,4,4,3,443,31,Top Customer
903,915,2,1,1,211,13,Medium Value Customer
904,916,3,3,2,332,23,Top Customer
905,917,1,1,1,111,8,Low Value Customer
906,918,1,1,3,113,10,Low Value Customer
907,919,4,3,3,433,29,Top Customer
908,920,1,1,2,112,9,Low Value Customer
909,921,3,3,4,334,25,Top Customer
910,922,4,3,3,433,29,Top Customer
911,923,2,2,2,222,16,Medium Value Customer
912,924,4,2,3,423,27,Top Customer
913,925,1,2,1,121,10,Low Value Customer
914,926,3,4,4,344,27,Top Customer
915,927,3,4,3,343,26,Top Customer
916,928,1,1,1,111,8,Low Value Customer
917,929,4,3,4,434,30,Top Customer
918,930,1,1,1,111,8,Low Value Customer
919,931,2,3,2,232,18,High Value Customer
920,932,3,1,2,312,19,High Value Customer
921,933,1,1,2,112,9,Low Value Customer
922,934,1,2,1,121,10,Low Value Customer
923,935,2,2,1,221,15,Medium Value Customer
924,936,4,4,3,443,31,Top Customer
925,937,1,1,1,111,8,Low Value Customer
926,938,4,4,3,443,31,Top Customer
927,939,4,3,3,433,29,Top Customer
928,940,4,4,3,443,31,Top Customer
929,941,1,1,1,111,8,Low Value Customer
930,942,1,1,1,111,8,Low Value Customer
931,943,1,1,1,111,8,Low Value Customer
932,944,3,1,2,312,19,High Value Customer
933,945,3,2,2,322,21,High Value Customer
934,946,2,3,3,233,19,High Value Customer
935,947,1,1,2,112,9,Low Value Customer
936,948,4,3,3,433,29,Top Customer
937,949,3,4,4,344,27,Top Customer
938,950,2,1,1,211,13,Medium Value Customer
939,951,1,2,1,121,10,Low Value Customer
940,952,2,2,2,222,16,Medium Value Customer
941,953,3,4,3,343,26,Top Customer
942,954,1,2,1,121,10,Low Value Customer
943,955,3,2,3,323,22,High Value Customer
944,956,2,1,1,211,13,Medium Value Customer
945,957,4,4,3,443,31,Top Customer
946,958,2,2,2,222,16,Medium Value Customer
947,959,2,2,2,222,16,Medium Value Customer
948,960,3,3,4,334,25,Top Customer
949,961,1,1,1,111,8,Low Value Customer
950,962,3,3,2,332,23,Top Customer
951,963,1,1,1,111,8,Low Value Customer
952,964,4,4,4,444,32,Top Customer
953,965,4,3,4,434,30,Top Customer
954,966,1,1,3,113,10,Low Value Customer
955,967,2,3,4,234,20,High Value Customer
956,968,1,1,2,112,9,Low Value Customer
957,969,2,3,3,233,19,High Value Customer
958,970,4,4,4,444,32,Top Customer
959,971,1,2,3,123,12,Medium Value Customer
960,972,1,1,1,111,8,Low Value Customer
961,973,1,1,3,113,10,Low Value Customer
962,974,2,2,2,222,16,Medium Value Customer
963,975,4,2,1,421,25,Top Customer
964,976,4,4,4,444,32,Top Customer
965,977,1,1,1,111,8,Low Value Customer
966,978,4,3,4,434,30,Top Customer
967,979,1,3,2,132,13,Medium Value Customer
968,980,2,3,2,232,18,High Value Customer
969,981,3,3,3,333,24,Top Customer
970,982,4,4,3,443,31,Top Customer
971,983,1,1,1,111,8,Low Value Customer
972,984,2,2,1,221,15,Medium Value Customer
973,985,2,2,4,224,18,High Value Customer
974,986,1,2,3,123,12,Medium Value Customer
975,987,2,1,2,212,14,Medium Value Customer
976,988,1,1,3,113,10,Low Value Customer
977,989,2,2,3,223,17,High Value Customer
978,990,2,2,2,222,16,Medium Value Customer
979,991,2,1,4,214,16,Medium Value Customer
980,992,4,3,2,432,28,Top Customer
981,993,3,4,4,344,27,Top Customer
982,994,1,2,3,123,12,Medium Value Customer
983,995,4,4,4,444,32,Top Customer
984,996,1,2,2,122,11,Low Value Customer
985,997,1,1,1,111,8,Low Value Customer
986,998,1,1,1,111,8,Low Value Customer
987,999,1,2,1,121,10,Low Value Customer
988,1000,1,1,1,111,8,Low Value Customer
989,1001,3,2,3,323,22,High Value Customer
990,1002,2,2,2,222,16,Medium Value Customer
991,1003,4,2,3,423,27,Top Customer
992,1004,1,1,1,111,8,Low Value Customer
993,1005,2,2,2,222,16,Medium Value Customer
994,1006,3,2,3,323,22,High Value Customer
995,1007,1,1,1,111,8,Low Value Customer
996,1008,1,1,1,111,8,Low Value Customer
997,1009,1,1,2,112,9,Low Value Customer
998,1010,2,2,2,222,16,Medium Value Customer
999,1011,3,3,4,334,25,Top Customer
1000,1012,4,3,3,433,29,Top Customer
1001,1013,1,2,3,123,12,Medium Value Customer
1002,1014,3,4,3,343,26,Top Customer
1003,1015,4,1,2,412,24,Top Customer
1004,1016,1,1,1,111,8,Low Value Customer
1005,1017,3,2,3,323,22,High Value Customer
1006,1018,3,3,3,333,24,Top Customer
1007,1019,1,1,2,112,9,Low Value Customer
1008,1020,1,2,2,122,11,Low Value Customer
1009,1021,4,4,4,444,32,Top Customer
1010,1022,4,4,3,443,31,Top Customer
1011,1023,2,3,2,232,18,High Value Customer
1012,1024,2,1,2,212,14,Medium Value Customer
1013,1025,3,2,1,321,20,High Value Customer
1014,1026,1,2,2,122,11,Low Value Customer
1015,1027,3,1,4,314,21,High Value Customer
1016,1028,2,2,3,223,17,High Value Customer
1017,1029,3,2,3,323,22,High Value Customer
1018,1030,4,3,3,433,29,Top Customer
1019,1031,4,4,3,443,31,Top Customer
1020,1032,2,2,1,221,15,Medium Value Customer
1021,1033,4,3,3,433,29,Top Customer
1022,1034,1,3,3,133,14,Medium Value Customer
1023,1035,2,3,2,232,18,High Value Customer
1024,1036,1,2,2,122,11,Low Value Customer
1025,1037,2,3,3,233,19,High Value Customer
1026,1038,4,3,4,434,30,Top Customer
1027,1039,4,3,2,432,28,Top Customer
1028,1040,2,1,3,213,15,Medium Value Customer
1029,1041,2,1,2,212,14,Medium Value Customer
1030,1042,3,2,1,321,20,High Value Customer
1031,1043,2,2,2,222,16,Medium Value Customer
1032,1044,2,1,1,211,13,Medium Value Customer
1033,1045,2,2,1,221,15,Medium Value Customer
1034,1046,1,1,3,113,10,Low Value Customer
1035,1047,4,4,4,444,32,Top Customer
1036,1048,4,4,4,444,32,Top Customer
1037,1049,1,1,1,111,8,Low Value Customer
1038,1050,3,1,1,311,18,High Value Customer
1039,1051,4,1,3,413,25,Top Customer
1040,1052,2,2,3,223,17,High Value Customer
1041,1053,2,1,1,211,13,Medium Value Customer
1042,1054,1,1,2,112,9,Low Value Customer
1043,1055,2,1,1,211,13,Medium Value Customer
1044,1056,1,1,1,111,8,Low Value Customer
1045,1057,3,4,4,344,27,Top Customer
1046,1058,3,2,3,323,22,High Value Customer
1047,1059,1,2,1,121,10,Low Value Customer
1048,1060,3,2,2,322,21,High Value Customer
1049,1061,2,2,3,223,17,High Value Customer
1050,1062,2,1,1,211,13,Medium Value Customer
1051,1063,1,3,4,134,15,Medium Value Customer
1052,1064,3,2,2,322,21,High Value Customer
1053,1065,1,2,1,121,10,Low Value Customer
1054,1066,1,2,1,121,10,Low Value Customer
1055,1067,1,1,3,113,10,Low Value Customer
1056,1068,3,3,3,333,24,Top Customer
1057,1069,4,4,3,443,31,Top Customer
1058,1070,2,3,2,232,18,High Value Customer
1059,1071,4,3,2,432,28,Top Customer
1060,1072,4,3,4,434,30,Top Customer
1061,1073,3,4,3,343,26,Top Customer
1062,1074,1,1,1,111,8,Low Value Customer
1063,1075,3,1,1,311,18,High Value Customer
1064,1076,3,2,1,321,20,High Value Customer
1065,1077,1,1,2,112,9,Low Value Customer
1066,1078,1,3,3,133,14,Medium Value Customer
1067,1079,1,2,1,121,10,Low Value Customer
1068,1080,1,1,1,111,8,Low Value Customer
1069,1081,2,1,3,213,15,Medium Value Customer
1070,1082,4,3,2,432,28,Top Customer
1071,1083,1,1,1,111,8,Low Value Customer
1072,1084,1,1,1,111,8,Low Value Customer
1073,1085,1,2,1,121,10,Low Value Customer
1074,1086,1,1,1,111,8,Low Value Customer
1075,1087,3,3,4,334,25,Top Customer
1076,1088,2,1,1,211,13,Medium Value Customer
1077,1089,2,1,1,211,13,Medium Value Customer
1078,1090,2,1,1,211,13,Medium Value Customer
1079,1091,1,2,4,124,13,Medium Value Customer
1080,1092,2,3,2,232,18,High Value Customer
1081,1093,2,1,1,211,13,Medium Value Customer
1082,1094,4,3,3,433,29,Top Customer
1083,1095,4,4,3,443,31,Top Customer
1084,1096,1,1,1,111,8,Low Value Customer
1085,1097,3,2,1,321,20,High Value Customer
1086,1098,4,3,2,432,28,Top Customer
1087,1099,1,1,1,111,8,Low Value Customer
1088,1100,1,2,2,122,11,Low Value Customer
1089,1101,4,4,3,443,31,Top Customer
1090,1102,2,3,2,232,18,High Value Customer
1091,1103,2,3,3,233,19,High Value Customer
1092,1104,3,1,1,311,18,High Value Customer
1093,1105,2,1,1,211,13,Medium Value Customer
1094,1106,2,2,2,222,16,Medium Value Customer
1095,1107,1,1,1,111,8,Low Value Customer
1096,1108,3,3,3,333,24,Top Customer
1097,1109,4,3,3,433,29,Top Customer
1098,1110,1,1,2,112,9,Low Value Customer
1099,1111,4,3,4,434,30,Top Customer
1100,1112,2,2,1,221,15,Medium Value Customer
1101,1113,2,3,3,233,19,High Value Customer
1102,1114,2,3,4,234,20,High Value Customer
1103,1115,4,2,3,423,27,Top Customer
1104,1116,4,2,4,424,28,Top Customer
1105,1117,3,2,2,322,21,High Value Customer
1106,1118,2,1,1,211,13,Medium Value Customer
1107,1119,2,1,1,211,13,Medium Value Customer
1108,1120,1,1,1,111,8,Low Value Customer
1109,1121,4,3,3,433,29,Top Customer
1110,1122,3,2,2,322,21,High Value Customer
1111,1123,1,1,1,111,8,Low Value Customer
1112,1124,4,2,1,421,25,Top Customer
1113,1125,3,1,1,311,18,High Value Customer
1114,1126,3,2,2,322,21,High Value Customer
1115,1127,2,3,4,234,20,High Value Customer
1116,1128,4,4,4,444,32,Top Customer
1117,1129,1,1,1,111,8,Low Value Customer
1118,1130,3,2,1,321,20,High Value Customer
1119,1131,2,2,4,224,18,High Value Customer
1120,1132,2,2,2,222,16,Medium Value Customer
1121,1133,1,2,3,123,12,Medium Value Customer
1122,1134,4,4,3,443,31,Top Customer
1123,1135,4,4,3,443,31,Top Customer
1124,1136,1,1,1,111,8,Low Value Customer
1125,1137,2,2,4,224,18,High Value Customer
1126,1138,1,1,1,111,8,Low Value Customer
1127,1139,2,2,1,221,15,Medium Value Customer
1128,1140,1,1,1,111,8,Low Value Customer
1129,1141,3,4,4,344,27,Top Customer
1130,1142,1,1,1,111,8,Low Value Customer
1131,1143,1,2,1,121,10,Low Value Customer
1132,1144,2,3,2,232,18,High Value Customer
1133,1145,1,1,2,112,9,Low Value Customer
1134,1146,3,3,4,334,25,Top Customer
1135,1147,1,1,1,111,8,Low Value Customer
1136,1148,3,4,2,342,25,Top Customer
1137,1149,3,2,2,322,21,High Value Customer
1138,1150,3,2,1,321,20,High Value Customer
1139,1151,1,1,1,111,8,Low Value Customer
1140,1152,3,3,2,332,23,Top Customer
1141,1153,2,1,1,211,13,Medium Value Customer
1142,1154,3,3,4,334,25,Top Customer
1143,1155,2,1,1,211,13,Medium Value Customer
1144,1156,3,4,3,343,26,Top Customer
1145,1157,2,2,1,221,15,Medium Value Customer
1146,1158,2,2,4,224,18,High Value Customer
1147,1159,1,3,3,133,14,Medium Value Customer
1148,1160,1,1,1,111,8,Low Value Customer
1149,1161,2,1,1,211,13,Medium Value Customer
1150,1162,2,2,3,223,17,High Value Customer
1151,1163,3,4,4,344,27,Top Customer
1152,1164,4,4,4,444,32,Top Customer
1153,1165,1,1,2,112,9,Low Value Customer
1154,1166,3,3,3,333,24,Top Customer
1155,1167,3,4,3,343,26,Top Customer
1156,1168,3,2,2,322,21,High Value Customer
1157,1169,1,1,2,112,9,Low Value Customer
1158,1170,3,1,2,312,19,High Value Customer
1159,1171,1,1,2,112,9,Low Value Customer
1160,1172,2,3,1,231,17,High Value Customer
1161,1173,3,4,3,343,26,Top Customer
1162,1174,3,1,1,311,18,High Value Customer
1163,1175,4,3,2,432,28,Top Customer
1164,1176,1,1,3,113,10,Low Value Customer
1165,1177,4,4,4,444,32,Top Customer
1166,1178,1,1,1,111,8,Low Value Customer
1167,1179,3,2,3,323,22,High Value Customer
1168,1180,1,1,4,114,11,Low Value Customer
1169,1181,2,2,2,222,16,Medium Value Customer
1170,1182,1,2,4,124,13,Medium Value Customer
1171,1183,2,1,4,214,16,Medium Value Customer
1172,1184,4,2,2,422,26,Top Customer
1173,1185,4,2,2,422,26,Top Customer
1174,1186,2,1,2,212,14,Medium Value Customer
1175,1187,1,1,1,111,8,Low Value Customer
1176,1188,2,2,2,222,16,Medium Value Customer
1177,1189,1,1,1,111,8,Low Value Customer
1178,1190,2,2,3,223,17,High Value Customer
1179,1191,2,3,3,233,19,High Value Customer
1180,1192,1,1,2,112,9,Low Value Customer
1181,1193,4,4,4,444,32,Top Customer
1182,1194,2,2,1,221,15,Medium Value Customer
1183,1195,1,1,1,111,8,Low Value Customer
1184,1196,3,3,4,334,25,Top Customer
1185,1197,3,3,4,334,25,Top Customer
1186,1198,2,3,2,232,18,High Value Customer
1187,1199,1,1,1,111,8,Low Value Customer
1188,1200,2,3,3,233,19,High Value Customer
1189,1201,2,2,2,222,16,Medium Value Customer
1190,1202,4,4,4,444,32,Top Customer
1191,1203,3,2,1,321,20,High Value Customer
1192,1204,2,4,4,244,22,High Value Customer
1193,1205,3,4,4,344,27,Top Customer
1194,1206,1,1,1,111,8,Low Value Customer
1195,1207,2,1,1,211,13,Medium Value Customer
1196,1208,2,3,3,233,19,High Value Customer
1197,1209,1,1,1,111,8,Low Value Customer
1198,1210,2,2,1,221,15,Medium Value Customer
1199,1211,3,1,1,311,18,High Value Customer
1200,1212,2,1,1,211,13,Medium Value Customer
1201,1213,3,2,2,322,21,High Value Customer
1202,1214,4,4,4,444,32,Top Customer
1203,1215,2,2,3,223,17,High Value Customer
1204,1216,3,2,1,321,20,High Value Customer
1205,1217,2,1,2,212,14,Medium Value Customer
1206,1218,1,1,2,112,9,Low Value Customer
1207,1219,4,4,4,444,32,Top Customer
1208,1220,1,2,2,122,11,Low Value Customer
1209,1221,3,4,4,344,27,Top Customer
1210,1222,1,1,1,111,8,Low Value Customer
1211,1223,3,3,1,331,22,High Value Customer
1212,1224,4,3,2,432,28,Top Customer
1213,1225,2,3,3,233,19,High Value Customer
1214,1226,2,1,3,213,15,Medium Value Customer
1215,1227,1,1,1,111,8,Low Value Customer
1216,1228,3,1,1,311,18,High Value Customer
1217,1229,3,3,3,333,24,Top Customer
1218,1230,4,1,1,411,23,Top Customer
1219,1231,2,2,3,223,17,High Value Customer
1220,1232,4,4,3,443,31,Top Customer
1221,1233,2,2,1,221,15,Medium Value Customer
1222,1234,1,2,2,122,11,Low Value Customer
1223,1235,1,2,1,121,10,Low Value Customer
1224,1236,2,1,1,211,13,Medium Value Customer
1225,1237,2,2,1,221,15,Medium Value Customer
1226,1238,3,3,3,333,24,Top Customer
1227,1239,1,2,3,123,12,Medium Value Customer
1228,1240,4,4,3,443,31,Top Customer
1229,1241,3,3,3,333,24,Top Customer
1230,1242,3,3,1,331,22,High Value Customer
1231,1243,1,1,1,111,8,Low Value Customer
1232,1244,4,4,3,443,31,Top Customer
1233,1245,1,1,1,111,8,Low Value Customer
1234,1246,1,2,2,122,11,Low Value Customer
1235,1247,2,2,2,222,16,Medium Value Customer
1236,1248,2,1,1,211,13,Medium Value Customer
1237,1249,1,1,1,111,8,Low Value Customer
1238,1250,4,3,3,433,29,Top Customer
1239,1251,1,1,1,111,8,Low Value Customer
1240,1252,1,1,1,111,8,Low Value Customer
1241,1253,1,1,1,111,8,Low Value Customer
1242,1254,4,1,1,411,23,Top Customer
1243,1255,2,1,1,211,13,Medium Value Customer
1244,1256,2,1,1,211,13,Medium Value Customer
1245,1257,3,3,4,334,25,Top Customer
1246,1258,1,1,1,111,8,Low Value Customer
1247,1259,2,2,2,222,16,Medium Value Customer
1248,1260,1,2,2,122,11,Low Value Customer
1249,1261,2,2,1,221,15,Medium Value Customer
1250,1262,2,2,3,223,17,High Value Customer
1251,1263,2,2,3,223,17,High Value Customer
1252,1264,1,1,1,111,8,Low Value Customer
1253,1265,3,3,3,333,24,Top Customer
1254,1266,1,1,4,114,11,Low Value Customer
1255,1267,3,4,3,343,26,Top Customer
1256,1268,1,1,1,111,8,Low Value Customer
1257,1269,3,3,2,332,23,Top Customer
1258,1270,1,1,1,111,8,Low Value Customer
1259,1271,3,2,3,323,22,High Value Customer
1260,1272,3,2,4,324,23,Top Customer
1261,1273,4,4,4,444,32,Top Customer
1262,1274,1,1,1,111,8,Low Value Customer
1263,1275,2,3,3,233,19,High Value Customer
1264,1276,4,4,4,444,32,Top Customer
1265,1277,3,3,4,334,25,Top Customer
1266,1278,2,2,3,223,17,High Value Customer
1267,1279,4,2,2,422,26,Top Customer
1268,1280,3,3,3,333,24,Top Customer
1269,1281,3,2,3,323,22,High Value Customer
1270,1282,3,2,2,322,21,High Value Customer
1271,1283,2,1,1,211,13,Medium Value Customer
1272,1284,3,4,3,343,26,Top Customer
1273,1285,2,1,1,211,13,Medium Value Customer
1274,1286,1,2,3,123,12,Medium Value Customer
1275,1287,1,1,1,111,8,Low Value Customer
1276,1288,3,3,2,332,23,Top Customer
1277,1289,1,1,1,111,8,Low Value Customer
1278,1290,1,1,1,111,8,Low Value Customer
1279,1291,1,1,1,111,8,Low Value Customer
1280,1292,1,2,2,122,11,Low Value Customer
1281,1293,1,1,1,111,8,Low Value Customer
1282,1294,2,1,2,212,14,Medium Value Customer
1283,1295,4,4,3,443,31,Top Customer
1284,1296,1,1,1,111,8,Low Value Customer
1285,1297,4,4,3,443,31,Top Customer
1286,1298,1,1,2,112,9,Low Value Customer
1287,1299,1,1,3,113,10,Low Value Customer
1288,1300,3,3,3,333,24,Top Customer
1289,1301,1,1,1,111,8,Low Value Customer
1290,1302,4,2,2,422,26,Top Customer
1291,1303,1,1,2,112,9,Low Value Customer
1292,1304,2,1,1,211,13,Medium Value Customer
1293,1305,2,3,2,232,18,High Value Customer
1294,1306,1,3,3,133,14,Medium Value Customer
1295,1307,2,2,1,221,15,Medium Value Customer
1296,1308,4,3,3,433,29,Top Customer
1297,1309,3,3,2,332,23,Top Customer
1298,1310,1,1,2,112,9,Low Value Customer
1299,1311,1,1,1,111,8,Low Value Customer
1300,1312,1,1,1,111,8,Low Value Customer
1301,1313,1,1,1,111,8,Low Value Customer
1302,1314,3,2,1,321,20,High Value Customer
1303,1315,2,1,1,211,13,Medium Value Customer
1304,1316,1,2,2,122,11,Low Value Customer
1305,1317,1,1,1,111,8,Low Value Customer
1306,1318,2,3,3,233,19,High Value Customer
1307,1319,2,2,3,223,17,High Value Customer
1308,1320,1,1,1,111,8,Low Value Customer
1309,1321,2,1,1,211,13,Medium Value Customer
1310,1322,2,1,1,211,13,Medium Value Customer
1311,1323,1,1,1,111,8,Low Value Customer
1312,1324,2,4,4,244,22,High Value Customer
1313,1325,3,4,3,343,26,Top Customer
1314,1326,2,1,1,211,13,Medium Value Customer
1315,1327,4,3,4,434,30,Top Customer
1316,1328,1,1,1,111,8,Low Value Customer
1317,1329,1,1,1,111,8,Low Value Customer
1318,1330,3,4,2,342,25,Top Customer
1319,1331,2,2,2,222,16,Medium Value Customer
1320,1332,1,1,1,111,8,Low Value Customer
1321,1333,2,3,1,231,17,High Value Customer
1322,1334,2,1,1,211,13,Medium Value Customer
1323,1335,3,3,4,334,25,Top Customer
1324,1336,1,1,2,112,9,Low Value Customer
1325,1337,1,1,1,111,8,Low Value Customer
1326,1338,3,3,2,332,23,Top Customer
1327,1339,2,1,1,211,13,Medium Value Customer
1328,1340,1,1,1,111,8,Low Value Customer
1329,1341,3,1,1,311,18,High Value Customer
1330,1342,2,2,3,223,17,High Value Customer
1331,1343,4,3,3,433,29,Top Customer
1332,1344,4,4,4,444,32,Top Customer
1333,1345,1,1,1,111,8,Low Value Customer
1334,1346,2,1,1,211,13,Medium Value Customer
1335,1347,4,4,3,443,31,Top Customer
1336,1348,4,3,2,432,28,Top Customer
1337,1349,3,2,2,322,21,High Value Customer
1338,1350,3,3,3,333,24,Top Customer
1339,1351,1,1,1,111,8,Low Value Customer
1340,1352,1,1,2,112,9,Low Value Customer
1341,1353,1,1,2,112,9,Low Value Customer
1342,1354,4,3,2,432,28,Top Customer
1343,1355,1,1,1,111,8,Low Value Customer
1344,1356,4,3,3,433,29,Top Customer
1345,1357,1,1,1,111,8,Low Value Customer
1346,1358,3,1,1,311,18,High Value Customer
1347,1359,1,1,1,111,8,Low Value Customer
1348,1360,3,4,4,344,27,Top Customer
1349,1361,3,4,3,343,26,Top Customer
1350,1362,4,4,4,444,32,Top Customer
1351,1363,1,1,1,111,8,Low Value Customer
1352,1364,1,1,1,111,8,Low Value Customer
1353,1365,4,1,1,411,23,Top Customer
1354,1366,2,3,2,232,18,High Value Customer
1355,1367,4,4,4,444,32,Top Customer
1356,1368,3,3,3,333,24,Top Customer
1357,1369,1,1,2,112,9,Low Value Customer
1358,1370,2,1,1,211,13,Medium Value Customer
1359,1371,4,4,4,444,32,Top Customer
1360,1372,1,1,1,111,8,Low Value Customer
1361,1373,1,1,1,111,8,Low Value Customer
1362,1374,1,2,2,122,11,Low Value Customer
1363,1375,4,4,4,444,32,Top Customer
1364,1376,3,2,2,322,21,High Value Customer
1365,1377,4,3,2,432,28,Top Customer
1366,1378,3,2,2,322,21,High Value Customer
1367,1379,1,1,1,111,8,Low Value Customer
1368,1380,4,4,4,444,32,Top Customer
1369,1381,1,1,1,111,8,Low Value Customer
1370,1382,2,2,4,224,18,High Value Customer
1371,1383,3,3,2,332,23,Top Customer
1372,1384,3,3,2,332,23,Top Customer
1373,1385,2,2,2,222,16,Medium Value Customer
1374,1386,4,4,4,444,32,Top Customer
1375,1387,4,4,3,443,31,Top Customer
1376,1388,3,3,2,332,23,Top Customer
1377,1389,2,3,2,232,18,High Value Customer
1378,1390,1,1,1,111,8,Low Value Customer
1379,1391,1,1,1,111,8,Low Value Customer
1380,1392,1,1,1,111,8,Low Value Customer
1381,1393,1,1,1,111,8,Low Value Customer
1382,1394,3,1,1,311,18,High Value Customer
1383,1395,4,4,3,443,31,Top Customer
1384,1396,2,2,1,221,15,Medium Value Customer
1385,1397,4,4,4,444,32,Top Customer
1386,1398,3,3,2,332,23,Top Customer
1387,1399,2,1,1,211,13,Medium Value Customer
1388,1400,1,1,2,112,9,Low Value Customer
1389,1401,1,2,4,124,13,Medium Value Customer
1390,1402,4,4,4,444,32,Top Customer
1391,1403,4,2,4,424,28,Top Customer
1392,1404,1,1,1,111,8,Low Value Customer
1393,1405,1,1,1,111,8,Low Value Customer
1394,1406,2,1,1,211,13,Medium Value Customer
1395,1407,3,3,1,331,22,High Value Customer
1396,1408,2,1,2,212,14,Medium Value Customer
1397,1409,3,4,3,343,26,Top Customer
1398,1410,4,4,3,443,31,Top Customer
1399,1411,4,4,3,443,31,Top Customer
1400,1412,3,3,1,331,22,High Value Customer
1401,1413,2,1,1,211,13,Medium Value Customer
1402,1414,3,4,4,344,27,Top Customer
1403,1415,4,2,1,421,25,Top Customer
1404,1416,1,3,1,131,12,Medium Value Customer
1405,1417,2,2,1,221,15,Medium Value Customer
1406,1418,4,3,2,432,28,Top Customer
1407,1419,4,1,3,413,25,Top Customer
1408,1420,2,1,3,213,15,Medium Value Customer
1409,1421,4,3,4,434,30,Top Customer
1410,1422,2,2,2,222,16,Medium Value Customer
1411,1423,1,1,1,111,8,Low Value Customer
1412,1424,3,4,4,344,27,Top Customer
1413,1425,2,3,2,232,18,High Value Customer
1414,1426,2,3,2,232,18,High Value Customer
1415,1427,2,2,1,221,15,Medium Value Customer
1416,1428,2,3,3,233,19,High Value Customer
1417,1429,3,3,3,333,24,Top Customer
1418,1430,2,1,2,212,14,Medium Value Customer
1419,1431,3,3,2,332,23,Top Customer
1420,1432,4,4,3,443,31,Top Customer
1421,1433,4,4,3,443,31,Top Customer
1422,1434,2,2,3,223,17,High Value Customer
1423,1435,3,3,2,332,23,Top Customer
1424,1436,2,2,1,221,15,Medium Value Customer
1425,1437,1,1,1,111,8,Low Value Customer
1426,1438,4,1,1,411,23,Top Customer
1427,1439,3,1,2,312,19,High Value Customer
1428,1440,2,1,1,211,13,Medium Value Customer
1429,1441,3,3,3,333,24,Top Customer
1430,1442,2,1,2,212,14,Medium Value Customer
1431,1443,2,1,2,212,14,Medium Value Customer
1432,1444,4,3,3,433,29,Top Customer
1433,1445,3,2,1,321,20,High Value Customer
1434,1446,3,4,3,343,26,Top Customer
1435,1447,3,2,3,323,22,High Value Customer
1436,1448,4,4,4,444,32,Top Customer
1437,1449,1,1,1,111,8,Low Value Customer
1438,1450,1,1,1,111,8,Low Value Customer
1439,1451,1,1,1,111,8,Low Value Customer
1440,1452,4,2,1,421,25,Top Customer
1441,1453,2,3,4,234,20,High Value Customer
1442,1454,3,2,2,322,21,High Value Customer
1443,1455,3,2,1,321,20,High Value Customer
1444,1456,2,1,1,211,13,Medium Value Customer
1445,1457,1,1,1,111,8,Low Value Customer
1446,1458,1,1,2,112,9,Low Value Customer
1447,1459,1,1,1,111,8,Low Value Customer
1448,1460,4,2,4,424,28,Top Customer
1449,1461,2,1,1,211,13,Medium Value Customer
1450,1462,1,1,2,112,9,Low Value Customer
1451,1463,1,1,1,111,8,Low Value Customer
1452,1464,4,4,3,443,31,Top Customer
1453,1465,3,2,4,324,23,Top Customer
1454,1466,2,1,1,211,13,Medium Value Customer
1455,1467,2,3,2,232,18,High Value Customer
1456,1468,2,1,1,211,13,Medium Value Customer
1457,1469,2,1,2,212,14,Medium Value Customer
1458,1470,2,1,1,211,13,Medium Value Customer
1459,1471,1,1,2,112,9,Low Value Customer
1460,1472,2,1,1,211,13,Medium Value Customer
1461,1473,1,1,1,111,8,Low Value Customer
1462,1474,2,1,1,211,13,Medium Value Customer
1463,1475,1,1,1,111,8,Low Value Customer
1464,1476,1,1,1,111,8,Low Value Customer
1465,1477,3,2,2,322,21,High Value Customer
1466,1478,4,3,4,434,30,Top Customer
1467,1479,2,1,2,212,14,Medium Value Customer
1468,1480,2,1,3,213,15,Medium Value Customer
1469,1481,1,1,1,111,8,Low Value Customer
1470,1482,1,1,1,111,8,Low Value Customer
1471,1483,3,1,1,311,18,High Value Customer
1472,1484,1,2,1,121,10,Low Value Customer
1473,1485,4,4,3,443,31,Top Customer
1474,1486,1,1,1,111,8,Low Value Customer
1475,1487,4,2,2,422,26,Top Customer
1476,1488,1,1,1,111,8,Low Value Customer
1477,1489,1,2,1,121,10,Low Value Customer
1478,1490,3,3,3,333,24,Top Customer
1479,1491,3,3,2,332,23,Top Customer
1480,1492,1,1,2,112,9,Low Value Customer
1481,1493,2,2,1,221,15,Medium Value Customer
1482,1494,1,2,1,121,10,Low Value Customer
1483,1495,1,1,1,111,8,Low Value Customer
1484,1496,4,4,3,443,31,Top Customer
1485,1497,2,1,2,212,14,Medium Value Customer
1486,1498,1,1,1,111,8,Low Value Customer
1487,1499,1,1,1,111,8,Low Value Customer
1488,1500,3,1,4,314,21,High Value Customer
1489,1501,2,1,3,213,15,Medium Value Customer
1490,1502,4,3,2,432,28,Top Customer
1491,1503,4,1,2,412,24,Top Customer
1492,1504,1,1,2,112,9,Low Value Customer
1493,1505,1,1,4,114,11,Low Value Customer
1494,1506,1,1,1,111,8,Low Value Customer
1495,1507,1,1,1,111,8,Low Value Customer
1496,1508,3,3,3,333,24,Top Customer
1497,1509,2,1,1,211,13,Medium Value Customer
1498,1510,3,3,4,334,25,Top Customer
1499,1511,1,1,1,111,8,Low Value Customer
1500,1512,2,1,2,212,14,Medium Value Customer
1501,1513,4,3,4,434,30,Top Customer
1502,1514,2,1,1,211,13,Medium Value Customer
1503,1515,1,1,2,112,9,Low Value Customer
1504,1516,1,1,2,112,9,Low Value Customer
1505,1517,2,1,2,212,14,Medium Value Customer
1506,1518,1,1,3,113,10,Low Value Customer
1507,1519,1,1,1,111,8,Low Value Customer
1508,1520,1,1,1,111,8,Low Value Customer
1509,1521,1,1,3,113,10,Low Value Customer
1510,1522,3,3,2,332,23,Top Customer
1511,1523,2,2,1,221,15,Medium Value Customer
1512,1524,1,2,2,122,11,Low Value Customer
1513,1525,4,4,4,444,32,Top Customer
1514,1526,2,1,4,214,16,Medium Value Customer
1515,1527,2,2,1,221,15,Medium Value Customer
1516,1528,1,1,1,111,8,Low Value Customer
1517,1529,2,2,2,222,16,Medium Value Customer
1518,1530,4,3,4,434,30,Top Customer
1519,1531,2,1,3,213,15,Medium Value Customer
1520,1532,1,1,1,111,8,Low Value Customer
1521,1533,4,3,2,432,28,Top Customer
1522,1534,1,1,1,111,8,Low Value Customer
1523,1535,2,2,1,221,15,Medium Value Customer
1524,1536,3,1,1,311,18,High Value Customer
1525,1537,1,1,4,114,11,Low Value Customer
1526,1538,2,1,1,211,13,Medium Value Customer
1527,1539,2,1,1,211,13,Medium Value Customer
1528,1540,2,2,1,221,15,Medium Value Customer
1529,1541,2,1,1,211,13,Medium Value Customer
1530,1542,3,2,2,322,21,High Value Customer
1531,1543,3,2,1,321,20,High Value Customer
1532,1544,1,1,1,111,8,Low Value Customer
1533,1545,4,3,2,432,28,Top Customer
1534,1546,2,1,3,213,15,Medium Value Customer
1535,1547,4,2,3,423,27,Top Customer
1536,1548,1,1,3,113,10,Low Value Customer
1537,1549,3,3,4,334,25,Top Customer
1538,1550,3,1,1,311,18,High Value Customer
1539,1551,1,1,1,111,8,Low Value Customer
1540,1552,1,1,1,111,8,Low Value Customer
1541,1553,2,1,3,213,15,Medium Value Customer
1542,1585,4,1,2,412,24,Top Customer
1543,1591,4,2,2,422,26,Top Customer
1544,1593,2,1,2,212,14,Medium Value Customer
1545,1601,2,2,2,222,16,Medium Value Customer
1546,1605,2,1,2,212,14,Medium Value Customer
1547,1612,1,1,1,111,8,Low Value Customer
1548,1617,4,2,3,423,27,Top Customer
1549,1618,2,1,1,211,13,Medium Value Customer
1550,1623,2,1,1,211,13,Medium Value Customer
1551,1626,2,2,2,222,16,Medium Value Customer
1552,1627,2,1,1,211,13,Medium Value Customer
1553,1635,2,1,1,211,13,Medium Value Customer
1554,1646,3,1,2,312,19,High Value Customer
1555,1661,2,1,1,211,13,Medium Value Customer
1556,1662,2,1,1,211,13,Medium Value Customer
1557,1809,2,1,1,211,13,Medium Value Customer
1558,1884,2,1,1,211,13,Medium Value Customer
1559,1950,2,1,2,212,14,Medium Value Customer
1560,1996,2,1,2,212,14,Medium Value Customer
1561,2010,2,1,2,212,14,Medium Value Customer
1562,2049,2,1,1,211,13,Medium Value Customer
1563,2057,3,2,4,324,23,Top Customer
1564,2078,3,1,1,311,18,High Value Customer
1565,2108,2,1,1,211,13,Medium Value Customer
1566,2115,3,2,1,321,20,High Value Customer
1567,2138,2,1,2,212,14,Medium Value Customer
1568,2173,3,3,1,331,22,High Value Customer
1569,2200,1,1,1,111,8,Low Value Customer
1570,2248,3,1,1,311,18,High Value Customer
1571,2273,4,2,3,423,27,Top Customer
1572,2299,2,1,1,211,13,Medium Value Customer
1573,2300,2,1,1,211,13,Medium Value Customer
1574,2309,2,2,2,222,16,Medium Value Customer
1575,2336,3,1,1,311,18,High Value Customer
1576,2354,4,3,2,432,28,Top Customer
1577,2391,2,1,1,211,13,Medium Value Customer
1578,2395,4,2,4,424,28,Top Customer
1579,2399,2,1,1,211,13,Medium Value Customer
1580,2431,3,2,2,322,21,High Value Customer
1581,2444,2,1,1,211,13,Medium Value Customer
1582,2476,4,2,1,421,25,Top Customer
1583,2487,2,1,1,211,13,Medium Value Customer
1584,2555,1,1,1,111,8,Low Value Customer
1585,2559,2,1,1,211,13,Medium Value Customer
1586,2572,4,1,1,411,23,Top Customer
1587,2604,2,2,1,221,15,Medium Value Customer
1588,2610,2,1,2,212,14,Medium Value Customer
1589,2625,2,1,2,212,14,Medium Value Customer
1590,2645,4,1,2,412,24,Top Customer
1591,2663,4,4,4,444,32,Top Customer
1592,2724,1,1,1,111,8,Low Value Customer
1593,2740,1,1,3,113,10,Low Value Customer
1594,2773,3,3,3,333,24,Top Customer
1595,2791,2,1,1,211,13,Medium Value Customer
1596,2806,2,1,2,212,14,Medium Value Customer
1597,2808,3,1,3,313,20,High Value Customer
1598,2824,2,1,1,211,13,Medium Value Customer
1599,2825,3,1,3,313,20,High Value Customer
1600,2826,3,1,1,311,18,High Value Customer
1601,2848,4,3,4,434,30,Top Customer
1602,2857,4,2,1,421,25,Top Customer
1603,2859,4,4,4,444,32,Top Customer
1604,2861,2,2,4,224,18,High Value Customer
1605,2862,3,3,3,333,24,Top Customer
1606,2864,3,1,1,311,18,High Value Customer
1607,2866,4,3,1,431,27,Top Customer
1608,2870,2,1,2,212,14,Medium Value Customer
1609,2871,3,1,3,313,20,High Value Customer
1610,2872,3,1,1,311,18,High Value Customer
1611,2875,3,2,4,324,23,Top Customer
1612,2877,3,3,3,333,24,Top Customer
1613,2878,4,3,2,432,28,Top Customer
1614,2902,3,1,2,312,19,High Value Customer
1615,2904,3,3,3,333,24,Top Customer
1616,2905,4,4,4,444,32,Top Customer
1617,2906,4,3,4,434,30,Top Customer
1618,2907,2,2,2,222,16,Medium Value Customer
1619,2908,2,1,1,211,13,Medium Value Customer
1620,2909,2,1,1,211,13,Medium Value Customer
1621,2910,2,1,1,211,13,Medium Value Customer
1622,2911,4,4,4,444,32,Top Customer
1623,2912,2,1,1,211,13,Medium Value Customer
1624,2913,1,1,1,111,8,Low Value Customer
1625,2914,3,2,1,321,20,High Value Customer
1626,2915,1,1,2,112,9,Low Value Customer
1627,2916,1,1,3,113,10,Low Value Customer
1628,2917,1,1,2,112,9,Low Value Customer
1629,2926,3,1,1,311,18,High Value Customer
1630,2928,4,2,4,424,28,Top Customer
1631,2931,2,1,3,213,15,Medium Value Customer
1632,2932,4,1,2,412,24,Top Customer
1633,2933,2,1,2,212,14,Medium Value Customer
1634,2935,3,3,2,332,23,Top Customer
1635,2938,2,1,1,211,13,Medium Value Customer
1636,2941,3,2,3,323,22,High Value Customer
1637,2943,3,3,3,333,24,Top Customer
1638,2944,4,3,3,433,29,Top Customer
1639,2945,2,1,1,211,13,Medium Value Customer
1640,2946,3,3,2,332,23,Top Customer
1641,2947,4,2,2,422,26,Top Customer
1642,2948,3,2,1,321,20,High Value Customer
1643,2949,2,1,1,211,13,Medium Value Customer
1644,2951,4,2,1,421,25,Top Customer
1645,2952,3,1,1,311,18,High Value Customer
1646,2953,4,3,4,434,30,Top Customer
1647,2955,4,2,2,422,26,Top Customer
1648,2958,3,2,2,322,21,High Value Customer
1649,2960,4,3,4,434,30,Top Customer
1650,2961,2,1,1,211,13,Medium Value Customer
1651,2962,3,2,1,321,20,High Value Customer
1652,2998,4,3,2,432,28,Top Customer
1653,3005,3,1,1,311,18,High Value Customer
1654,3019,2,1,1,211,13,Medium Value Customer
1655,3020,2,1,2,212,14,Medium Value Customer
1656,3034,4,2,4,424,28,Top Customer
1657,3039,3,2,1,321,20,High Value Customer
1658,3040,4,3,2,432,28,Top Customer
1659,3045,3,2,3,323,22,High Value Customer
1660,3048,3,2,1,321,20,High Value Customer
1661,3056,3,2,2,322,21,High Value Customer
1662,3060,4,3,3,433,29,Top Customer
1663,3063,2,1,1,211,13,Medium Value Customer
1664,3064,4,3,3,433,29,Top Customer
1665,3069,3,2,1,321,20,High Value Customer
1666,3070,3,2,1,321,20,High Value Customer
1667,3074,4,3,2,432,28,Top Customer
1668,3075,4,3,3,433,29,Top Customer
1669,3076,4,3,4,434,30,Top Customer
1670,3087,4,2,4,424,28,Top Customer
1671,3089,4,3,3,433,29,Top Customer
1672,3091,3,2,3,323,22,High Value Customer
1673,3096,4,3,3,433,29,Top Customer
1674,3097,3,2,3,323,22,High Value Customer
1675,3098,4,2,2,422,26,Top Customer
1676,3099,2,1,1,211,13,Medium Value Customer
1677,3101,2,1,1,211,13,Medium Value Customer
1678,3107,4,2,2,422,26,Top Customer
1679,3108,2,1,1,211,13,Medium Value Customer
1680,3109,4,2,2,422,26,Top Customer
1681,3112,3,2,1,321,20,High Value Customer
1682,3115,3,2,2,322,21,High Value Customer
1683,3116,3,2,2,322,21,High Value Customer
1684,3118,2,1,1,211,13,Medium Value Customer
1685,3121,2,1,1,211,13,Medium Value Customer
1686,3131,2,1,1,211,13,Medium Value Customer
1687,3133,2,1,1,211,13,Medium Value Customer
1688,3135,2,1,1,211,13,Medium Value Customer
1689,3140,4,1,3,413,25,Top Customer
1690,3150,4,1,1,411,23,Top Customer
1691,3152,2,1,1,211,13,Medium Value Customer
1692,3164,4,1,3,413,25,Top Customer
1693,3177,4,1,2,412,24,Top Customer
1694,3178,2,1,3,213,15,Medium Value Customer
