,customer_id,recency_q,frequency_q,monetary_q,rfm_class_string,rfm_weight,customer_segment,cluster
0,1,1,1,1,111,8,Low Value Customer,1
1,2,3,2,1,321,20,High Value Customer,0
2,5,1,1,1,111,8,Low Value Customer,1
3,7,3,3,3,333,24,Top Customer,0
4,9,3,2,2,322,21,High Value Customer,0
5,15,1,1,1,111,8,Low Value Customer,1
6,18,2,2,3,223,17,High Value Customer,0
7,19,2,3,3,233,19,High Value Customer,0
8,20,4,4,4,444,32,Top Customer,0
9,21,4,4,4,444,32,Top Customer,0
10,22,3,4,4,344,27,Top Customer,0
11,23,2,3,4,234,20,High Value Customer,0
12,24,1,2,2,122,11,Low Value Customer,1
13,25,3,3,3,333,24,Top Customer,0
14,26,1,2,3,123,12,Medium Value Customer,1
15,27,2,3,3,233,19,High Value Customer,1
16,28,1,1,3,113,10,Low Value Customer,1
17,29,2,3,4,234,20,High Value Customer,0
18,30,2,1,2,212,14,Medium Value Customer,0
19,31,4,4,3,443,31,Top Customer,0
20,32,2,4,3,243,21,High Value Customer,0
21,33,3,4,4,344,27,Top Customer,0
22,34,2,3,3,233,19,High Value Customer,0
23,35,2,4,3,243,21,High Value Customer,0
24,36,1,2,1,121,10,Low Value Customer,1
25,37,2,3,3,233,19,High Value Customer,1
26,38,3,4,4,344,27,Top Customer,0
27,39,4,4,4,444,32,Top Customer,0
28,40,4,3,2,432,28,Top Customer,0
29,41,4,3,3,433,29,Top Customer,0
30,42,4,4,4,444,32,Top Customer,0
31,43,1,3,4,134,15,Medium Value Customer,1
32,44,1,1,2,112,9,Low Value Customer,1
33,45,3,3,4,334,25,Top Customer,0
34,46,3,3,4,334,25,Top Customer,0
35,47,4,4,3,443,31,Top Customer,0
36,48,3,4,3,343,26,Top Customer,0
37,49,4,4,4,444,32,Top Customer,0
38,50,1,2,2,122,11,Low Value Customer,1
39,51,2,4,4,244,22,High Value Customer,0
40,52,2,2,1,221,15,Medium Value Customer,1
41,53,2,3,2,232,18,High Value Customer,0
42,54,2,3,3,233,19,High Value Customer,0
43,55,2,2,3,223,17,High Value Customer,1
44,56,3,4,4,344,27,Top Customer,0
45,57,1,3,3,133,14,Medium Value Customer,1
46,58,2,3,4,234,20,High Value Customer,0
47,59,4,4,4,444,32,Top Customer,0
48,60,4,4,4,444,32,Top Customer,0
49,61,1,2,2,122,11,Low Value Customer,1
50,62,4,4,4,444,32,Top Customer,0
51,63,3,3,4,334,25,Top Customer,0
52,64,2,3,2,232,18,High Value Customer,0
53,65,4,4,4,444,32,Top Customer,0
54,66,1,2,1,121,10,Low Value Customer,1
55,67,3,3,4,334,25,Top Customer,0
56,68,1,2,2,122,11,Low Value Customer,1
57,69,4,4,4,444,32,Top Customer,0
58,70,2,3,4,234,20,High Value Customer,1
59,71,2,3,2,232,18,High Value Customer,1
60,72,3,4,4,344,27,Top Customer,0
61,73,4,3,3,433,29,Top Customer,0
62,74,2,1,2,212,14,Medium Value Customer,0
63,75,1,2,1,121,10,Low Value Customer,1
64,76,4,4,3,443,31,Top Customer,0
65,77,3,2,2,322,21,High Value Customer,0
66,78,4,4,3,443,31,Top Customer,0
67,79,4,4,3,443,31,Top Customer,0
68,80,4,4,4,444,32,Top Customer,0
69,81,1,2,1,121,10,Low Value Customer,1
70,82,3,3,4,334,25,Top Customer,0
71,83,2,4,2,242,20,High Value Customer,0
72,84,4,4,2,442,30,Top Customer,0
73,85,4,3,4,434,30,Top Customer,0
74,86,2,3,4,234,20,High Value Customer,0
75,87,2,4,2,242,20,High Value Customer,0
76,88,4,4,4,444,32,Top Customer,0
77,89,2,1,1,211,13,Medium Value Customer,1
78,90,3,3,3,333,24,Top Customer,0
79,91,4,4,4,444,32,Top Customer,0
80,92,4,4,3,443,31,Top Customer,0
81,93,4,4,3,443,31,Top Customer,0
82,94,1,2,2,122,11,Low Value Customer,1
83,95,4,4,4,444,32,Top Customer,0
84,96,3,4,4,344,27,Top Customer,0
85,97,4,4,4,444,32,Top Customer,0
86,98,3,3,3,333,24,Top Customer,0
87,99,4,4,4,444,32,Top Customer,0
88,100,4,4,4,444,32,Top Customer,0
89,101,2,3,4,234,20,High Value Customer,1
90,102,2,2,2,222,16,Medium Value Customer,1
91,103,4,4,4,444,32,Top Customer,0
92,104,4,4,3,443,31,Top Customer,0
93,105,3,3,3,333,24,Top Customer,0
94,106,4,4,3,443,31,Top Customer,0
95,107,1,3,3,133,14,Medium Value Customer,1
96,108,3,3,3,333,24,Top Customer,0
97,109,3,4,4,344,27,Top Customer,0
98,110,4,4,4,444,32,Top Customer,0
99,111,4,4,4,444,32,Top Customer,0
100,112,4,4,4,444,32,Top Customer,0
101,113,1,2,2,122,11,Low Value Customer,1
102,114,2,3,2,232,18,High Value Customer,0
103,115,4,4,4,444,32,Top Customer,0
104,116,4,4,4,444,32,Top Customer,0
105,117,3,4,4,344,27,Top Customer,0
106,118,3,4,4,344,27,Top Customer,0
107,119,4,4,4,444,32,Top Customer,0
108,120,3,3,3,333,24,Top Customer,0
109,121,1,2,3,123,12,Medium Value Customer,1
110,122,3,3,3,333,24,Top Customer,0
111,123,4,4,4,444,32,Top Customer,0
112,124,1,3,2,132,13,Medium Value Customer,1
113,125,4,4,3,443,31,Top Customer,0
114,126,4,4,4,444,32,Top Customer,0
115,127,3,4,2,342,25,Top Customer,0
116,128,4,4,3,443,31,Top Customer,0
117,129,4,3,2,432,28,Top Customer,0
118,130,4,4,3,443,31,Top Customer,0
119,131,4,4,4,444,32,Top Customer,0
120,132,2,4,4,244,22,High Value Customer,0
121,133,4,4,3,443,31,Top Customer,0
122,134,4,4,3,443,31,Top Customer,0
123,135,3,2,3,323,22,High Value Customer,0
124,136,4,4,4,444,32,Top Customer,0
125,137,4,4,3,443,31,Top Customer,0
126,138,2,3,3,233,19,High Value Customer,1
127,139,2,4,4,244,22,High Value Customer,0
128,140,4,4,3,443,31,Top Customer,0
129,141,4,3,3,433,29,Top Customer,0
130,142,2,2,3,223,17,High Value Customer,1
131,143,4,4,3,443,31,Top Customer,0
132,144,1,1,1,111,8,Low Value Customer,1
133,145,1,2,1,121,10,Low Value Customer,1
134,146,2,3,4,234,20,High Value Customer,1
135,147,4,4,4,444,32,Top Customer,0
136,148,3,4,4,344,27,Top Customer,0
137,149,1,2,2,122,11,Low Value Customer,1
138,150,3,3,4,334,25,Top Customer,0
139,151,2,3,3,233,19,High Value Customer,0
140,152,4,4,4,444,32,Top Customer,0
141,153,2,3,2,232,18,High Value Customer,1
142,154,1,2,2,122,11,Low Value Customer,1
143,155,3,3,3,333,24,Top Customer,0
144,156,4,4,4,444,32,Top Customer,0
145,157,3,3,2,332,23,Top Customer,0
146,158,3,3,2,332,23,Top Customer,0
147,159,2,1,2,212,14,Medium Value Customer,1
148,160,4,4,4,444,32,Top Customer,0
149,161,1,2,2,122,11,Low Value Customer,1
150,162,1,1,1,111,8,Low Value Customer,1
151,163,2,2,3,223,17,High Value Customer,1
152,164,2,3,3,233,19,High Value Customer,0
153,165,3,4,2,342,25,Top Customer,0
154,166,3,4,4,344,27,Top Customer,0
155,167,3,4,3,343,26,Top Customer,0
156,168,3,4,4,344,27,Top Customer,0
157,169,4,4,4,444,32,Top Customer,0
158,170,4,4,4,444,32,Top Customer,0
159,171,4,4,3,443,31,Top Customer,0
160,172,1,3,3,133,14,Medium Value Customer,1
161,173,3,3,3,333,24,Top Customer,0
162,174,4,4,4,444,32,Top Customer,0
163,175,4,3,3,433,29,Top Customer,0
164,176,4,3,2,432,28,Top Customer,0
165,177,3,4,2,342,25,Top Customer,0
166,178,1,2,3,123,12,Medium Value Customer,1
167,179,4,4,4,444,32,Top Customer,0
168,180,4,3,4,434,30,Top Customer,0
169,181,2,3,4,234,20,High Value Customer,1
170,182,2,2,1,221,15,Medium Value Customer,1
171,183,3,3,4,334,25,Top Customer,0
172,184,3,4,3,343,26,Top Customer,0
173,185,3,4,4,344,27,Top Customer,0
174,186,3,4,4,344,27,Top Customer,0
175,187,4,4,4,444,32,Top Customer,0
176,188,1,2,1,121,10,Low Value Customer,1
177,189,1,2,3,123,12,Medium Value Customer,1
178,190,1,3,2,132,13,Medium Value Customer,1
179,191,4,4,4,444,32,Top Customer,0
180,192,3,2,4,324,23,Top Customer,0
181,193,4,4,4,444,32,Top Customer,0
182,194,4,4,3,443,31,Top Customer,0
183,195,2,4,4,244,22,High Value Customer,0
184,196,4,4,4,444,32,Top Customer,0
185,197,4,3,3,433,29,Top Customer,0
186,198,4,4,4,444,32,Top Customer,0
187,199,4,3,4,434,30,Top Customer,0
188,200,4,4,4,444,32,Top Customer,0
189,201,1,1,1,111,8,Low Value Customer,1
190,202,3,4,4,344,27,Top Customer,0
191,203,4,4,4,444,32,Top Customer,0
192,204,4,4,4,444,32,Top Customer,0
193,205,3,3,4,334,25,Top Customer,0
194,206,4,4,4,444,32,Top Customer,0
195,207,4,4,4,444,32,Top Customer,0
196,208,4,4,4,444,32,Top Customer,0
197,209,4,3,2,432,28,Top Customer,0
198,210,4,4,4,444,32,Top Customer,0
199,211,4,4,4,444,32,Top Customer,0
200,212,3,4,4,344,27,Top Customer,0
201,213,2,2,1,221,15,Medium Value Customer,1
202,214,4,4,4,444,32,Top Customer,0
203,215,3,4,3,343,26,Top Customer,0
204,216,3,2,4,324,23,Top Customer,0
205,217,4,3,4,434,30,Top Customer,0
206,218,4,4,4,444,32,Top Customer,0
207,219,2,2,1,221,15,Medium Value Customer,1
208,220,2,3,3,233,19,High Value Customer,0
209,221,4,4,3,443,31,Top Customer,0
210,222,2,3,2,232,18,High Value Customer,0
211,223,1,2,2,122,11,Low Value Customer,1
212,224,4,4,4,444,32,Top Customer,0
213,225,4,4,4,444,32,Top Customer,0
214,226,3,4,3,343,26,Top Customer,0
215,227,2,2,1,221,15,Medium Value Customer,1
216,228,1,1,1,111,8,Low Value Customer,1
217,229,4,4,4,444,32,Top Customer,0
218,230,3,3,3,333,24,Top Customer,0
219,231,1,3,2,132,13,Medium Value Customer,1
220,232,4,4,4,444,32,Top Customer,0
221,233,3,4,3,343,26,Top Customer,0
222,234,3,4,3,343,26,Top Customer,0
223,235,3,2,3,323,22,High Value Customer,0
224,236,4,4,4,444,32,Top Customer,0
225,237,4,4,4,444,32,Top Customer,0
226,238,4,4,3,443,31,Top Customer,0
227,239,4,3,2,432,28,Top Customer,0
228,240,4,4,4,444,32,Top Customer,0
229,241,4,4,4,444,32,Top Customer,0
230,242,4,4,4,444,32,Top Customer,0
231,243,2,4,4,244,22,High Value Customer,0
232,244,4,4,4,444,32,Top Customer,0
233,245,1,1,3,113,10,Low Value Customer,1
234,246,1,2,3,123,12,Medium Value Customer,1
235,247,4,4,4,444,32,Top Customer,0
236,248,2,4,4,244,22,High Value Customer,0
237,249,3,4,4,344,27,Top Customer,0
238,250,1,3,2,132,13,Medium Value Customer,1
239,251,4,4,4,444,32,Top Customer,0
240,252,3,4,4,344,27,Top Customer,0
241,253,4,2,2,422,26,Top Customer,0
242,254,1,2,4,124,13,Medium Value Customer,1
243,255,4,4,2,442,30,Top Customer,0
244,256,3,4,4,344,27,Top Customer,0
245,257,1,1,2,112,9,Low Value Customer,1
246,258,2,2,2,222,16,Medium Value Customer,1
247,259,2,2,2,222,16,Medium Value Customer,1
248,260,4,4,4,444,32,Top Customer,0
249,261,1,3,4,134,15,Medium Value Customer,1
250,262,4,4,4,444,32,Top Customer,0
251,263,3,3,2,332,23,Top Customer,0
252,264,3,4,4,344,27,Top Customer,0
253,265,2,4,3,243,21,High Value Customer,0
254,266,2,3,4,234,20,High Value Customer,1
255,267,2,2,1,221,15,Medium Value Customer,1
256,268,4,3,3,433,29,Top Customer,0
257,269,4,4,4,444,32,Top Customer,0
258,270,2,2,2,222,16,Medium Value Customer,1
259,271,1,1,4,114,11,Low Value Customer,1
260,272,1,2,2,122,11,Low Value Customer,1
261,273,2,4,4,244,22,High Value Customer,0
262,274,2,4,3,243,21,High Value Customer,0
263,275,4,4,4,444,32,Top Customer,0
264,276,3,4,4,344,27,Top Customer,0
265,277,2,3,3,233,19,High Value Customer,1
266,278,2,3,4,234,20,High Value Customer,0
267,279,1,3,3,133,14,Medium Value Customer,1
268,280,2,3,2,232,18,High Value Customer,1
269,281,4,4,4,444,32,Top Customer,0
270,282,4,4,3,443,31,Top Customer,0
271,283,4,2,2,422,26,Top Customer,0
272,284,4,4,4,444,32,Top Customer,0
273,285,1,1,1,111,8,Low Value Customer,1
274,286,1,3,3,133,14,Medium Value Customer,1
275,287,4,4,3,443,31,Top Customer,0
276,288,4,3,3,433,29,Top Customer,0
277,289,3,4,4,344,27,Top Customer,0
278,290,1,1,2,112,9,Low Value Customer,1
279,291,4,3,3,433,29,Top Customer,0
280,292,1,2,4,124,13,Medium Value Customer,1
281,293,4,4,3,443,31,Top Customer,0
282,294,1,1,3,113,10,Low Value Customer,1
283,295,2,3,2,232,18,High Value Customer,1
284,296,4,4,3,443,31,Top Customer,0
285,297,2,3,2,232,18,High Value Customer,1
286,298,4,4,4,444,32,Top Customer,0
287,299,4,4,4,444,32,Top Customer,0
288,300,2,3,1,231,17,High Value Customer,0
289,301,1,2,2,122,11,Low Value Customer,1
290,302,2,2,2,222,16,Medium Value Customer,1
291,303,4,4,3,443,31,Top Customer,0
292,304,2,4,2,242,20,High Value Customer,0
293,305,4,4,2,442,30,Top Customer,0
294,306,2,3,3,233,19,High Value Customer,1
295,307,3,3,3,333,24,Top Customer,0
296,308,1,2,2,122,11,Low Value Customer,1
297,309,2,3,2,232,18,High Value Customer,1
298,310,4,3,2,432,28,Top Customer,0
299,311,4,4,4,444,32,Top Customer,0
300,312,4,4,4,444,32,Top Customer,0
301,313,4,4,4,444,32,Top Customer,0
302,314,2,3,4,234,20,High Value Customer,1
303,315,1,3,4,134,15,Medium Value Customer,1
304,316,3,3,4,334,25,Top Customer,0
305,317,3,3,3,333,24,Top Customer,0
306,318,1,2,2,122,11,Low Value Customer,1
307,319,4,4,4,444,32,Top Customer,0
308,320,1,2,2,122,11,Low Value Customer,1
309,321,3,3,4,334,25,Top Customer,0
310,322,3,2,1,321,20,High Value Customer,0
311,323,1,2,1,121,10,Low Value Customer,1
312,324,2,3,2,232,18,High Value Customer,1
313,325,3,4,4,344,27,Top Customer,0
314,326,4,3,3,433,29,Top Customer,0
315,327,4,4,4,444,32,Top Customer,0
316,328,4,4,4,444,32,Top Customer,0
317,329,2,4,4,244,22,High Value Customer,0
318,330,3,3,2,332,23,Top Customer,0
319,331,3,3,3,333,24,Top Customer,0
320,332,3,4,4,344,27,Top Customer,0
321,333,4,3,3,433,29,Top Customer,0
322,334,4,4,3,443,31,Top Customer,0
323,335,3,3,4,334,25,Top Customer,0
324,336,3,3,4,334,25,Top Customer,0
325,337,2,2,2,222,16,Medium Value Customer,1
326,338,3,3,2,332,23,Top Customer,0
327,339,4,3,2,432,28,Top Customer,0
328,340,1,2,3,123,12,Medium Value Customer,1
329,341,4,4,3,443,31,Top Customer,0
330,342,3,3,3,333,24,Top Customer,0
331,343,1,2,2,122,11,Low Value Customer,1
332,344,1,2,1,121,10,Low Value Customer,1
333,345,4,4,4,444,32,Top Customer,0
334,346,2,4,4,244,22,High Value Customer,0
335,347,4,4,3,443,31,Top Customer,0
336,348,4,3,2,432,28,Top Customer,0
337,349,1,2,2,122,11,Low Value Customer,1
338,350,4,4,3,443,31,Top Customer,0
339,351,4,4,4,444,32,Top Customer,0
340,352,3,3,2,332,23,Top Customer,0
341,353,3,4,4,344,27,Top Customer,0
342,354,3,3,3,333,24,Top Customer,0
343,355,4,4,4,444,32,Top Customer,0
344,356,4,4,4,444,32,Top Customer,0
345,357,4,4,3,443,31,Top Customer,0
346,358,4,4,4,444,32,Top Customer,0
347,359,3,3,4,334,25,Top Customer,0
348,360,4,4,4,444,32,Top Customer,0
349,361,4,3,3,433,29,Top Customer,0
350,362,1,2,2,122,11,Low Value Customer,1
351,363,3,3,4,334,25,Top Customer,0
352,364,2,2,1,221,15,Medium Value Customer,1
353,365,1,3,3,133,14,Medium Value Customer,1
354,366,3,3,4,334,25,Top Customer,0
355,367,1,1,2,112,9,Low Value Customer,1
356,368,4,4,4,444,32,Top Customer,0
357,369,1,2,2,122,11,Low Value Customer,1
358,370,4,4,3,443,31,Top Customer,0
359,371,4,3,4,434,30,Top Customer,0
360,372,4,4,4,444,32,Top Customer,0
361,373,4,4,4,444,32,Top Customer,0
362,374,4,4,4,444,32,Top Customer,0
363,375,2,4,4,244,22,High Value Customer,0
364,376,4,4,4,444,32,Top Customer,0
365,377,1,2,4,124,13,Medium Value Customer,1
366,378,1,1,1,111,8,Low Value Customer,1
367,379,4,2,2,422,26,Top Customer,0
368,380,1,2,2,122,11,Low Value Customer,1
369,381,3,4,3,343,26,Top Customer,0
370,382,3,4,4,344,27,Top Customer,0
371,383,4,4,2,442,30,Top Customer,0
372,384,2,2,2,222,16,Medium Value Customer,1
373,385,4,4,3,443,31,Top Customer,0
374,386,3,4,3,343,26,Top Customer,0
375,387,4,3,3,433,29,Top Customer,0
376,388,1,3,3,133,14,Medium Value Customer,1
377,389,3,3,2,332,23,Top Customer,0
378,390,4,4,4,444,32,Top Customer,0
379,391,3,4,4,344,27,Top Customer,0
380,392,1,2,4,124,13,Medium Value Customer,1
381,393,4,4,4,444,32,Top Customer,0
382,394,4,4,3,443,31,Top Customer,0
383,395,1,3,2,132,13,Medium Value Customer,1
384,396,4,4,4,444,32,Top Customer,0
385,397,4,4,3,443,31,Top Customer,0
386,398,4,3,2,432,28,Top Customer,0
387,399,4,4,4,444,32,Top Customer,0
388,400,4,3,4,434,30,Top Customer,0
389,401,1,2,2,122,11,Low Value Customer,1
390,402,4,4,4,444,32,Top Customer,0
391,403,2,3,3,233,19,High Value Customer,0
392,404,4,4,4,444,32,Top Customer,0
393,405,1,3,3,133,14,Medium Value Customer,1
394,406,4,4,4,444,32,Top Customer,0
395,407,2,3,2,232,18,High Value Customer,1
396,408,3,4,4,344,27,Top Customer,0
397,409,2,1,1,211,13,Medium Value Customer,1
398,410,1,3,2,132,13,Medium Value Customer,1
399,411,2,3,4,234,20,High Value Customer,0
400,412,3,4,4,344,27,Top Customer,0
401,413,4,4,4,444,32,Top Customer,0
402,414,1,2,2,122,11,Low Value Customer,1
403,415,2,3,3,233,19,High Value Customer,1
404,416,3,3,4,334,25,Top Customer,0
405,417,3,4,4,344,27,Top Customer,0
406,418,2,4,3,243,21,High Value Customer,1
407,419,4,4,4,444,32,Top Customer,0
408,420,4,4,4,444,32,Top Customer,0
409,421,1,2,4,124,13,Medium Value Customer,1
410,422,3,4,3,343,26,Top Customer,0
411,423,2,3,2,232,18,High Value Customer,1
412,424,2,4,4,244,22,High Value Customer,0
413,425,4,4,2,442,30,Top Customer,0
414,426,3,4,4,344,27,Top Customer,0
415,427,3,4,4,344,27,Top Customer,0
416,428,2,3,3,233,19,High Value Customer,1
417,429,3,4,3,343,26,Top Customer,0
418,430,1,2,3,123,12,Medium Value Customer,1
419,431,2,3,4,234,20,High Value Customer,1
420,432,4,3,2,432,28,Top Customer,0
421,433,4,3,3,433,29,Top Customer,0
422,434,2,3,3,233,19,High Value Customer,1
423,435,3,2,2,322,21,High Value Customer,0
424,436,2,4,3,243,21,High Value Customer,0
425,437,2,2,2,222,16,Medium Value Customer,1
426,438,3,3,4,334,25,Top Customer,0
427,439,4,4,4,444,32,Top Customer,0
428,440,4,4,4,444,32,Top Customer,0
429,441,2,2,2,222,16,Medium Value Customer,1
430,442,1,2,3,123,12,Medium Value Customer,1
431,443,4,4,4,444,32,Top Customer,0
432,444,1,2,3,123,12,Medium Value Customer,1
433,445,4,3,4,434,30,Top Customer,0
434,446,3,4,4,344,27,Top Customer,0
435,447,2,2,2,222,16,Medium Value Customer,1
436,448,3,3,3,333,24,Top Customer,0
437,449,2,1,2,212,14,Medium Value Customer,1
438,450,2,3,4,234,20,High Value Customer,0
439,451,4,3,4,434,30,Top Customer,0
440,452,4,3,3,433,29,Top Customer,0
441,453,2,2,2,222,16,Medium Value Customer,1
442,454,3,4,4,344,27,Top Customer,0
443,455,4,3,2,432,28,Top Customer,0
444,456,1,2,2,122,11,Low Value Customer,1
445,457,3,4,4,344,27,Top Customer,0
446,458,2,3,4,234,20,High Value Customer,0
447,459,3,3,4,334,25,Top Customer,0
448,460,4,4,4,444,32,Top Customer,0
449,461,4,4,3,443,31,Top Customer,0
450,462,4,4,4,444,32,Top Customer,0
451,463,4,4,4,444,32,Top Customer,0
452,464,4,4,3,443,31,Top Customer,0
453,465,1,1,1,111,8,Low Value Customer,1
454,466,4,4,4,444,32,Top Customer,0
455,467,4,4,4,444,32,Top Customer,0
456,468,2,3,4,234,20,High Value Customer,0
457,469,2,3,4,234,20,High Value Customer,1
458,470,1,3,3,133,14,Medium Value Customer,1
459,471,2,4,4,244,22,High Value Customer,0
460,472,3,3,4,334,25,Top Customer,0
461,473,2,3,4,234,20,High Value Customer,0
462,474,3,3,2,332,23,Top Customer,0
463,475,3,3,2,332,23,Top Customer,0
464,476,4,4,4,444,32,Top Customer,0
465,477,4,4,4,444,32,Top Customer,0
466,478,2,3,3,233,19,High Value Customer,1
467,479,3,4,4,344,27,Top Customer,0
468,480,2,4,4,244,22,High Value Customer,0
469,481,1,2,2,122,11,Low Value Customer,1
470,482,4,4,4,444,32,Top Customer,0
471,483,1,2,1,121,10,Low Value Customer,1
472,484,2,4,4,244,22,High Value Customer,0
473,485,1,1,1,111,8,Low Value Customer,1
474,486,4,4,4,444,32,Top Customer,0
475,487,4,3,3,433,29,Top Customer,0
476,488,4,4,3,443,31,Top Customer,0
477,489,4,3,4,434,30,Top Customer,0
478,490,4,4,4,444,32,Top Customer,0
479,491,4,4,4,444,32,Top Customer,0
480,492,4,4,4,444,32,Top Customer,0
481,493,2,4,3,243,21,High Value Customer,0
482,494,3,3,3,333,24,Top Customer,0
483,495,1,3,4,134,15,Medium Value Customer,1
484,496,1,3,3,133,14,Medium Value Customer,1
485,497,4,4,2,442,30,Top Customer,0
486,498,4,4,4,444,32,Top Customer,0
487,499,4,4,2,442,30,Top Customer,0
488,500,4,3,4,434,30,Top Customer,0
489,501,2,4,4,244,22,High Value Customer,0
490,502,4,4,4,444,32,Top Customer,0
491,503,4,4,3,443,31,Top Customer,0
492,504,3,2,3,323,22,High Value Customer,0
493,505,2,4,3,243,21,High Value Customer,0
494,506,3,3,3,333,24,Top Customer,0
495,507,3,3,3,333,24,Top Customer,0
496,508,4,4,4,444,32,Top Customer,0
497,509,3,3,3,333,24,Top Customer,0
498,510,4,4,4,444,32,Top Customer,0
499,511,3,3,3,333,24,Top Customer,0
500,512,3,2,4,324,23,Top Customer,0
501,513,1,1,1,111,8,Low Value Customer,1
502,514,4,3,2,432,28,Top Customer,0
503,515,3,4,3,343,26,Top Customer,0
504,516,1,3,3,133,14,Medium Value Customer,1
505,517,4,4,4,444,32,Top Customer,0
506,518,4,4,4,444,32,Top Customer,0
507,519,3,3,3,333,24,Top Customer,0
508,520,3,2,2,322,21,High Value Customer,0
509,521,2,2,3,223,17,High Value Customer,1
510,522,1,2,1,121,10,Low Value Customer,1
511,523,1,1,1,111,8,Low Value Customer,1
512,524,2,2,3,223,17,High Value Customer,1
513,525,2,4,3,243,21,High Value Customer,0
514,526,2,3,4,234,20,High Value Customer,1
515,527,3,3,3,333,24,Top Customer,0
516,528,4,4,3,443,31,Top Customer,0
517,529,3,3,2,332,23,Top Customer,0
518,530,3,4,4,344,27,Top Customer,0
519,531,4,4,4,444,32,Top Customer,0
520,532,1,2,2,122,11,Low Value Customer,1
521,533,4,4,3,443,31,Top Customer,0
522,534,1,1,1,111,8,Low Value Customer,1
523,535,2,2,4,224,18,High Value Customer,1
524,536,4,3,3,433,29,Top Customer,0
525,537,3,3,2,332,23,Top Customer,0
526,538,4,4,4,444,32,Top Customer,0
527,539,2,1,1,211,13,Medium Value Customer,1
528,540,1,1,3,113,10,Low Value Customer,1
529,541,1,3,4,134,15,Medium Value Customer,1
530,542,1,2,4,124,13,Medium Value Customer,1
531,543,2,3,3,233,19,High Value Customer,0
532,544,4,4,4,444,32,Top Customer,0
533,545,3,3,3,333,24,Top Customer,0
534,546,4,4,4,444,32,Top Customer,0
535,547,4,4,4,444,32,Top Customer,0
536,548,1,3,3,133,14,Medium Value Customer,1
537,549,2,3,3,233,19,High Value Customer,1
538,550,1,1,2,112,9,Low Value Customer,1
539,551,1,2,2,122,11,Low Value Customer,1
540,552,3,3,4,334,25,Top Customer,0
541,553,4,4,4,444,32,Top Customer,0
542,554,4,4,4,444,32,Top Customer,0
543,555,2,4,3,243,21,High Value Customer,0
544,556,1,3,3,133,14,Medium Value Customer,1
545,557,3,3,3,333,24,Top Customer,0
546,558,1,1,1,111,8,Low Value Customer,1
547,559,3,2,1,321,20,High Value Customer,0
548,560,3,3,2,332,23,Top Customer,0
549,561,4,4,4,444,32,Top Customer,0
550,562,1,2,2,122,11,Low Value Customer,1
551,563,2,2,2,222,16,Medium Value Customer,1
552,564,2,3,2,232,18,High Value Customer,1
553,565,2,3,4,234,20,High Value Customer,1
554,566,4,3,2,432,28,Top Customer,0
555,567,4,4,4,444,32,Top Customer,0
556,568,1,2,2,122,11,Low Value Customer,1
557,569,2,2,2,222,16,Medium Value Customer,1
558,570,2,2,1,221,15,Medium Value Customer,1
559,571,3,2,2,322,21,High Value Customer,0
560,572,4,3,4,434,30,Top Customer,0
561,573,3,1,3,313,20,High Value Customer,1
562,574,4,4,4,444,32,Top Customer,0
563,575,3,3,3,333,24,Top Customer,0
564,576,4,4,4,444,32,Top Customer,0
565,577,2,3,3,233,19,High Value Customer,1
566,578,4,4,4,444,32,Top Customer,0
567,579,4,2,3,423,27,Top Customer,0
568,580,2,3,2,232,18,High Value Customer,1
569,581,1,1,1,111,8,Low Value Customer,1
570,582,4,4,4,444,32,Top Customer,0
571,583,4,3,3,433,29,Top Customer,0
572,584,4,3,2,432,28,Top Customer,0
573,585,3,3,3,333,24,Top Customer,0
574,586,2,4,2,242,20,High Value Customer,0
575,587,1,2,2,122,11,Low Value Customer,1
576,588,3,2,2,322,21,High Value Customer,0
577,589,3,3,3,333,24,Top Customer,0
578,590,3,3,2,332,23,Top Customer,0
579,591,3,2,1,321,20,High Value Customer,1
580,592,2,2,2,222,16,Medium Value Customer,1
581,593,3,3,2,332,23,Top Customer,0
582,594,2,2,4,224,18,High Value Customer,1
583,595,2,2,2,222,16,Medium Value Customer,1
584,596,1,1,1,111,8,Low Value Customer,1
585,597,4,3,2,432,28,Top Customer,0
586,598,4,4,4,444,32,Top Customer,0
587,599,3,3,2,332,23,Top Customer,0
588,600,3,4,4,344,27,Top Customer,0
589,601,2,2,2,222,16,Medium Value Customer,1
590,602,4,4,3,443,31,Top Customer,0
591,603,1,3,2,132,13,Medium Value Customer,1
592,604,3,3,3,333,24,Top Customer,0
593,605,4,4,4,444,32,Top Customer,0
594,606,4,2,2,422,26,Top Customer,0
595,607,4,4,4,444,32,Top Customer,0
596,608,2,4,3,243,21,High Value Customer,0
597,609,3,3,2,332,23,Top Customer,0
598,610,1,3,3,133,14,Medium Value Customer,1
599,611,4,4,4,444,32,Top Customer,0
600,612,1,2,3,123,12,Medium Value Customer,1
601,613,3,2,2,322,21,High Value Customer,0
602,614,1,2,1,121,10,Low Value Customer,1
603,615,4,4,3,443,31,Top Customer,0
604,616,3,4,3,343,26,Top Customer,0
605,617,3,2,2,322,21,High Value Customer,0
606,618,3,4,2,342,25,Top Customer,0
607,619,4,4,4,444,32,Top Customer,0
608,620,3,2,2,322,21,High Value Customer,0
609,621,4,4,4,444,32,Top Customer,0
610,622,3,4,3,343,26,Top Customer,0
611,623,4,3,2,432,28,Top Customer,0
612,624,2,3,3,233,19,High Value Customer,1
613,625,1,3,2,132,13,Medium Value Customer,1
614,626,4,4,3,443,31,Top Customer,0
615,627,3,3,2,332,23,Top Customer,0
616,628,4,4,3,443,31,Top Customer,0
617,629,2,3,3,233,19,High Value Customer,1
618,630,1,3,2,132,13,Medium Value Customer,1
619,631,4,4,2,442,30,Top Customer,0
620,632,3,3,2,332,23,Top Customer,0
621,633,4,4,3,443,31,Top Customer,0
622,634,2,3,3,233,19,High Value Customer,1
623,635,1,1,1,111,8,Low Value Customer,1
624,636,4,4,3,443,31,Top Customer,0
625,637,4,4,4,444,32,Top Customer,0
626,638,1,1,2,112,9,Low Value Customer,1
627,639,3,4,3,343,26,Top Customer,0
628,640,3,4,3,343,26,Top Customer,0
629,641,2,1,1,211,13,Medium Value Customer,1
630,642,1,1,2,112,9,Low Value Customer,1
631,643,4,4,3,443,31,Top Customer,0
632,644,3,2,2,322,21,High Value Customer,0
633,645,1,2,2,122,11,Low Value Customer,1
634,646,2,2,3,223,17,High Value Customer,1
635,647,3,3,2,332,23,Top Customer,0
636,648,2,2,1,221,15,Medium Value Customer,1
637,649,2,4,4,244,22,High Value Customer,0
638,650,4,3,4,434,30,Top Customer,0
639,651,2,1,1,211,13,Medium Value Customer,1
640,652,3,3,2,332,23,Top Customer,0
641,653,4,4,4,444,32,Top Customer,0
642,654,4,2,2,422,26,Top Customer,0
643,655,4,4,3,443,31,Top Customer,0
644,656,4,4,3,443,31,Top Customer,0
645,657,3,3,3,333,24,Top Customer,0
646,658,4,3,4,434,30,Top Customer,0
647,659,2,2,4,224,18,High Value Customer,1
648,660,3,3,3,333,24,Top Customer,0
649,661,2,2,3,223,17,High Value Customer,1
650,662,4,4,4,444,32,Top Customer,0
651,663,2,2,1,221,15,Medium Value Customer,1
652,664,3,3,3,333,24,Top Customer,0
653,665,1,2,2,122,11,Low Value Customer,1
654,666,1,1,1,111,8,Low Value Customer,1
655,667,1,1,2,112,9,Low Value Customer,1
656,668,2,3,3,233,19,High Value Customer,1
657,669,4,4,3,443,31,Top Customer,0
658,670,4,4,4,444,32,Top Customer,0
659,671,2,2,1,221,15,Medium Value Customer,1
660,672,4,4,4,444,32,Top Customer,0
661,673,4,3,3,433,29,Top Customer,0
662,674,2,2,2,222,16,Medium Value Customer,1
663,675,4,4,4,444,32,Top Customer,0
664,676,1,1,1,111,8,Low Value Customer,1
665,677,4,2,2,422,26,Top Customer,0
666,678,2,2,1,221,15,Medium Value Customer,1
667,679,3,4,4,344,27,Top Customer,0
668,680,2,4,4,244,22,High Value Customer,1
669,681,2,2,2,222,16,Medium Value Customer,1
670,682,1,1,1,111,8,Low Value Customer,1
671,683,4,4,2,442,30,Top Customer,0
672,684,1,2,2,122,11,Low Value Customer,1
673,685,2,3,4,234,20,High Value Customer,1
674,686,1,1,1,111,8,Low Value Customer,1
675,687,4,4,4,444,32,Top Customer,0
676,688,1,1,1,111,8,Low Value Customer,1
677,689,4,3,3,433,29,Top Customer,0
678,690,1,4,4,144,17,High Value Customer,1
679,691,3,2,1,321,20,High Value Customer,0
680,692,2,2,3,223,17,High Value Customer,1
681,693,3,4,4,344,27,Top Customer,0
682,694,3,3,3,333,24,Top Customer,0
683,695,1,1,2,112,9,Low Value Customer,1
684,696,1,2,3,123,12,Medium Value Customer,1
685,697,4,3,2,432,28,Top Customer,0
686,698,3,2,2,322,21,High Value Customer,0
687,699,4,4,4,444,32,Top Customer,0
688,700,2,3,2,232,18,High Value Customer,1
689,701,3,3,2,332,23,Top Customer,0
690,702,4,3,3,433,29,Top Customer,0
691,703,2,3,2,232,18,High Value Customer,1
692,704,2,2,2,222,16,Medium Value Customer,1
693,705,1,2,2,122,11,Low Value Customer,1
694,706,2,3,3,233,19,High Value Customer,1
695,707,2,1,3,213,15,Medium Value Customer,1
696,708,3,4,3,343,26,Top Customer,0
697,709,3,2,2,322,21,High Value Customer,0
698,710,4,3,3,433,29,Top Customer,0
699,711,1,1,2,112,9,Low Value Customer,1
700,712,3,1,4,314,21,High Value Customer,0
701,713,2,4,4,244,22,High Value Customer,0
702,714,2,2,2,222,16,Medium Value Customer,1
703,715,4,4,3,443,31,Top Customer,0
704,716,4,4,3,443,31,Top Customer,0
705,717,4,4,2,442,30,Top Customer,0
706,718,2,3,3,233,19,High Value Customer,1
707,719,1,1,1,111,8,Low Value Customer,1
708,720,2,2,1,221,15,Medium Value Customer,1
709,721,4,4,4,444,32,Top Customer,0
710,722,3,1,1,311,18,High Value Customer,1
711,723,4,3,4,434,30,Top Customer,0
712,724,2,2,1,221,15,Medium Value Customer,1
713,725,1,1,2,112,9,Low Value Customer,1
714,726,2,2,3,223,17,High Value Customer,1
715,727,1,2,1,121,10,Low Value Customer,1
716,728,4,4,3,443,31,Top Customer,0
717,729,3,4,3,343,26,Top Customer,0
718,730,2,2,2,222,16,Medium Value Customer,1
719,731,2,3,4,234,20,High Value Customer,1
720,732,1,1,2,112,9,Low Value Customer,1
721,733,4,4,3,443,31,Top Customer,0
722,734,3,3,4,334,25,Top Customer,0
723,735,3,3,2,332,23,Top Customer,0
724,736,4,4,4,444,32,Top Customer,0
725,737,2,2,3,223,17,High Value Customer,1
726,738,1,2,2,122,11,Low Value Customer,1
727,739,2,2,2,222,16,Medium Value Customer,1
728,740,2,4,4,244,22,High Value Customer,0
729,741,3,2,4,324,23,Top Customer,0
730,742,3,2,2,322,21,High Value Customer,0
731,743,1,1,2,112,9,Low Value Customer,1
732,744,3,2,2,322,21,High Value Customer,0
733,745,3,3,4,334,25,Top Customer,0
734,746,2,2,3,223,17,High Value Customer,1
735,747,1,2,3,123,12,Medium Value Customer,1
736,748,2,2,2,222,16,Medium Value Customer,1
737,749,3,2,2,322,21,High Value Customer,1
738,750,4,4,3,443,31,Top Customer,0
739,751,2,2,1,221,15,Medium Value Customer,1
740,752,3,3,2,332,23,Top Customer,0
741,753,2,3,2,232,18,High Value Customer,1
742,754,1,2,2,122,11,Low Value Customer,1
743,755,1,1,1,111,8,Low Value Customer,1
744,756,1,1,3,113,10,Low Value Customer,1
745,757,3,3,3,333,24,Top Customer,0
746,758,4,3,2,432,28,Top Customer,0
747,759,2,2,4,224,18,High Value Customer,1
748,760,2,3,2,232,18,High Value Customer,1
749,761,2,2,3,223,17,High Value Customer,1
750,762,2,2,2,222,16,Medium Value Customer,1
751,763,2,3,4,234,20,High Value Customer,1
752,764,3,2,2,322,21,High Value Customer,0
753,765,3,2,2,322,21,High Value Customer,0
754,766,1,1,2,112,9,Low Value Customer,1
755,767,2,2,1,221,15,Medium Value Customer,1
756,768,3,1,1,311,18,High Value Customer,1
757,769,3,3,3,333,24,Top Customer,0
758,770,1,1,1,111,8,Low Value Customer,1
759,771,1,1,1,111,8,Low Value Customer,1
760,772,4,3,3,433,29,Top Customer,0
761,773,4,3,2,432,28,Top Customer,0
762,774,4,3,2,432,28,Top Customer,0
763,775,4,4,3,443,31,Top Customer,0
764,776,1,1,1,111,8,Low Value Customer,1
765,777,4,2,3,423,27,Top Customer,0
766,778,2,1,3,213,15,Medium Value Customer,1
767,779,4,4,3,443,31,Top Customer,0
768,780,2,2,1,221,15,Medium Value Customer,1
769,781,1,1,2,112,9,Low Value Customer,1
770,782,4,4,4,444,32,Top Customer,0
771,783,2,1,2,212,14,Medium Value Customer,1
772,784,1,2,2,122,11,Low Value Customer,1
773,785,2,2,2,222,16,Medium Value Customer,1
774,786,1,1,1,111,8,Low Value Customer,1
775,787,3,3,4,334,25,Top Customer,0
776,788,4,3,2,432,28,Top Customer,0
777,789,3,4,4,344,27,Top Customer,0
778,790,3,3,2,332,23,Top Customer,0
779,791,1,1,1,111,8,Low Value Customer,1
780,792,1,2,1,121,10,Low Value Customer,1
781,793,2,3,3,233,19,High Value Customer,1
782,794,2,3,2,232,18,High Value Customer,1
783,795,1,1,1,111,8,Low Value Customer,1
784,796,4,3,4,434,30,Top Customer,0
785,797,1,1,1,111,8,Low Value Customer,1
786,798,4,4,4,444,32,Top Customer,0
787,799,1,2,2,122,11,Low Value Customer,1
788,800,3,3,3,333,24,Top Customer,0
789,801,2,1,1,211,13,Medium Value Customer,1
790,802,4,4,4,444,32,Top Customer,0
791,803,3,3,2,332,23,Top Customer,0
792,804,4,3,2,432,28,Top Customer,0
793,805,3,3,3,333,24,Top Customer,0
794,806,4,4,4,444,32,Top Customer,0
795,807,4,3,4,434,30,Top Customer,0
796,808,2,2,3,223,17,High Value Customer,1
797,809,3,2,2,322,21,High Value Customer,1
798,810,4,3,2,432,28,Top Customer,0
799,811,3,3,3,333,24,Top Customer,0
800,812,2,2,2,222,16,Medium Value Customer,1
801,813,2,3,2,232,18,High Value Customer,1
802,814,1,1,1,111,8,Low Value Customer,1
803,815,1,1,1,111,8,Low Value Customer,1
804,816,3,1,2,312,19,High Value Customer,1
805,817,1,2,1,121,10,Low Value Customer,1
806,818,2,3,4,234,20,High Value Customer,1
807,819,4,4,4,444,32,Top Customer,0
808,820,3,3,2,332,23,Top Customer,0
809,821,2,3,3,233,19,High Value Customer,0
810,822,1,2,1,121,10,Low Value Customer,1
811,823,2,1,1,211,13,Medium Value Customer,1
812,824,2,2,2,222,16,Medium Value Customer,1
813,825,1,1,1,111,8,Low Value Customer,1
814,826,1,1,1,111,8,Low Value Customer,1
815,827,1,1,1,111,8,Low Value Customer,1
816,828,4,2,2,422,26,Top Customer,0
817,829,4,3,2,432,28,Top Customer,0
818,830,2,3,1,231,17,High Value Customer,1
819,831,1,1,4,114,11,Low Value Customer,1
820,832,4,2,4,424,28,Top Customer,0
821,833,2,1,1,211,13,Medium Value Customer,1
822,834,3,1,2,312,19,High Value Customer,1
823,835,1,2,1,121,10,Low Value Customer,1
824,836,1,1,1,111,8,Low Value Customer,1
825,837,3,4,4,344,27,Top Customer,0
826,838,1,2,3,123,12,Medium Value Customer,1
827,839,1,1,2,112,9,Low Value Customer,1
828,840,3,3,4,334,25,Top Customer,0
829,841,1,1,1,111,8,Low Value Customer,1
830,842,2,2,1,221,15,Medium Value Customer,1
831,843,3,4,4,344,27,Top Customer,0
832,844,4,3,4,434,30,Top Customer,0
833,845,1,1,1,111,8,Low Value Customer,1
834,846,2,3,2,232,18,High Value Customer,1
835,847,4,4,3,443,31,Top Customer,0
836,848,2,1,2,212,14,Medium Value Customer,1
837,849,4,4,4,444,32,Top Customer,0
838,850,3,4,2,342,25,Top Customer,0
839,851,4,4,4,444,32,Top Customer,0
840,852,4,2,2,422,26,Top Customer,0
841,853,1,1,2,112,9,Low Value Customer,1
842,854,2,2,2,222,16,Medium Value Customer,1
843,855,2,3,3,233,19,High Value Customer,1
844,856,3,4,4,344,27,Top Customer,0
845,857,1,2,1,121,10,Low Value Customer,1
846,858,4,4,3,443,31,Top Customer,0
847,859,1,3,2,132,13,Medium Value Customer,1
848,860,1,1,1,111,8,Low Value Customer,1
849,861,1,1,2,112,9,Low Value Customer,1
850,862,3,2,3,323,22,High Value Customer,1
851,863,2,3,3,233,19,High Value Customer,0
852,864,3,2,3,323,22,High Value Customer,0
853,865,1,1,1,111,8,Low Value Customer,1
854,866,1,2,2,122,11,Low Value Customer,1
855,867,4,4,2,442,30,Top Customer,0
856,868,4,3,4,434,30,Top Customer,0
857,869,1,1,1,111,8,Low Value Customer,1
858,870,1,2,3,123,12,Medium Value Customer,1
859,871,3,2,3,323,22,High Value Customer,0
860,872,3,2,2,322,21,High Value Customer,1
861,873,4,3,3,433,29,Top Customer,0
862,874,1,1,2,112,9,Low Value Customer,1
863,875,2,1,4,214,16,Medium Value Customer,1
864,876,1,1,1,111,8,Low Value Customer,1
865,877,1,2,1,121,10,Low Value Customer,1
866,878,4,3,3,433,29,Top Customer,0
867,879,1,1,3,113,10,Low Value Customer,1
868,880,3,2,3,323,22,High Value Customer,0
869,881,3,3,3,333,24,Top Customer,0
870,882,1,1,1,111,8,Low Value Customer,1
871,883,2,1,2,212,14,Medium Value Customer,1
872,884,3,2,4,324,23,Top Customer,0
873,885,3,4,4,344,27,Top Customer,0
874,886,2,2,1,221,15,Medium Value Customer,1
875,887,4,3,3,433,29,Top Customer,0
876,888,3,2,1,321,20,High Value Customer,1
877,889,2,1,4,214,16,Medium Value Customer,1
878,890,4,4,4,444,32,Top Customer,0
879,891,2,3,3,233,19,High Value Customer,1
880,892,2,2,1,221,15,Medium Value Customer,1
881,893,2,3,3,233,19,High Value Customer,1
882,894,2,3,2,232,18,High Value Customer,1
883,895,4,3,3,433,29,Top Customer,0
884,896,3,1,1,311,18,High Value Customer,1
885,897,2,3,3,233,19,High Value Customer,1
886,898,2,2,4,224,18,High Value Customer,1
887,899,4,3,3,433,29,Top Customer,0
888,900,3,3,2,332,23,Top Customer,0
889,901,3,2,2,322,21,High Value Customer,0
890,902,2,2,2,222,16,Medium Value Customer,1
891,903,1,1,1,111,8,Low Value Customer,1
892,904,3,2,3,323,22,High Value Customer,1
893,905,2,2,2,222,16,Medium Value Customer,1
894,906,3,2,4,324,23,Top Customer,1
895,907,4,4,4,444,32,Top Customer,0
896,908,4,4,3,443,31,Top Customer,0
897,909,2,3,1,231,17,High Value Customer,1
898,910,2,1,1,211,13,Medium Value Customer,1
899,911,4,3,4,434,30,Top Customer,0
900,912,2,3,3,233,19,High Value Customer,1
901,913,1,2,2,122,11,Low Value Customer,1
902,914,4,4,3,443,31,Top Customer,0
903,915,2,1,1,211,13,Medium Value Customer,1
904,916,3,3,2,332,23,Top Customer,0
905,917,1,1,1,111,8,Low Value Customer,1
906,918,1,1,3,113,10,Low Value Customer,1
907,919,4,3,3,433,29,Top Customer,0
908,920,1,1,2,112,9,Low Value Customer,1
909,921,3,3,4,334,25,Top Customer,0
910,922,4,3,3,433,29,Top Customer,0
911,923,2,2,2,222,16,Medium Value Customer,1
912,924,4,2,3,423,27,Top Customer,0
913,925,1,2,1,121,10,Low Value Customer,1
914,926,3,4,4,344,27,Top Customer,0
915,927,3,4,3,343,26,Top Customer,0
916,928,1,1,1,111,8,Low Value Customer,1
917,929,4,3,4,434,30,Top Customer,0
918,930,1,1,1,111,8,Low Value Customer,1
919,931,2,3,2,232,18,High Value Customer,1
920,932,3,1,2,312,19,High Value Customer,1
921,933,1,1,2,112,9,Low Value Customer,1
922,934,1,2,1,121,10,Low Value Customer,1
923,935,2,2,1,221,15,Medium Value Customer,1
924,936,4,4,3,443,31,Top Customer,0
925,937,1,1,1,111,8,Low Value Customer,1
926,938,4,4,3,443,31,Top Customer,0
927,939,4,3,3,433,29,Top Customer,0
928,940,4,4,3,443,31,Top Customer,0
929,941,1,1,1,111,8,Low Value Customer,1
930,942,1,1,1,111,8,Low Value Customer,1
931,943,1,1,1,111,8,Low Value Customer,1
932,944,3,1,2,312,19,High Value Customer,1
933,945,3,2,2,322,21,High Value Customer,0
934,946,2,3,3,233,19,High Value Customer,1
935,947,1,1,2,112,9,Low Value Customer,1
936,948,4,3,3,433,29,Top Customer,0
937,949,3,4,4,344,27,Top Customer,0
938,950,2,1,1,211,13,Medium Value Customer,1
939,951,1,2,1,121,10,Low Value Customer,1
940,952,2,2,2,222,16,Medium Value Customer,1
941,953,3,4,3,343,26,Top Customer,0
942,954,1,2,1,121,10,Low Value Customer,1
943,955,3,2,3,323,22,High Value Customer,1
944,956,2,1,1,211,13,Medium Value Customer,1
945,957,4,4,3,443,31,Top Customer,0
946,958,2,2,2,222,16,Medium Value Customer,1
947,959,2,2,2,222,16,Medium Value Customer,1
948,960,3,3,4,334,25,Top Customer,0
949,961,1,1,1,111,8,Low Value Customer,1
950,962,3,3,2,332,23,Top Customer,0
951,963,1,1,1,111,8,Low Value Customer,1
952,964,4,4,4,444,32,Top Customer,0
953,965,4,3,4,434,30,Top Customer,0
954,966,1,1,3,113,10,Low Value Customer,1
955,967,2,3,4,234,20,High Value Customer,1
956,968,1,1,2,112,9,Low Value Customer,1
957,969,2,3,3,233,19,High Value Customer,1
958,970,4,4,4,444,32,Top Customer,0
959,971,1,2,3,123,12,Medium Value Customer,1
960,972,1,1,1,111,8,Low Value Customer,1
961,973,1,1,3,113,10,Low Value Customer,1
962,974,2,2,2,222,16,Medium Value Customer,1
963,975,4,2,1,421,25,Top Customer,0
964,976,4,4,4,444,32,Top Customer,0
965,977,1,1,1,111,8,Low Value Customer,1
966,978,4,3,4,434,30,Top Customer,0
967,979,1,3,2,132,13,Medium Value Customer,1
968,980,2,3,2,232,18,High Value Customer,1
969,981,3,3,3,333,24,Top Customer,0
970,982,4,4,3,443,31,Top Customer,0
971,983,1,1,1,111,8,Low Value Customer,1
972,984,2,2,1,221,15,Medium Value Customer,1
973,985,2,2,4,224,18,High Value Customer,1
974,986,1,2,3,123,12,Medium Value Customer,1
975,987,2,1,2,212,14,Medium Value Customer,1
976,988,1,1,3,113,10,Low Value Customer,1
977,989,2,2,3,223,17,High Value Customer,1
978,990,2,2,2,222,16,Medium Value Customer,1
979,991,2,1,4,214,16,Medium Value Customer,1
980,992,4,3,2,432,28,Top Customer,0
981,993,3,4,4,344,27,Top Customer,0
982,994,1,2,3,123,12,Medium Value Customer,1
983,995,4,4,4,444,32,Top Customer,0
984,996,1,2,2,122,11,Low Value Customer,1
985,997,1,1,1,111,8,Low Value Customer,1
986,998,1,1,1,111,8,Low Value Customer,1
987,999,1,2,1,121,10,Low Value Customer,1
988,1000,1,1,1,111,8,Low Value Customer,1
989,1001,3,2,3,323,22,High Value Customer,0
990,1002,2,2,2,222,16,Medium Value Customer,1
991,1003,4,2,3,423,27,Top Customer,0
992,1004,1,1,1,111,8,Low Value Customer,1
993,1005,2,2,2,222,16,Medium Value Customer,1
994,1006,3,2,3,323,22,High Value Customer,0
995,1007,1,1,1,111,8,Low Value Customer,1
996,1008,1,1,1,111,8,Low Value Customer,1
997,1009,1,1,2,112,9,Low Value Customer,1
998,1010,2,2,2,222,16,Medium Value Customer,1
999,1011,3,3,4,334,25,Top Customer,0
1000,1012,4,3,3,433,29,Top Customer,0
1001,1013,1,2,3,123,12,Medium Value Customer,1
1002,1014,3,4,3,343,26,Top Customer,0
1003,1015,4,1,2,412,24,Top Customer,1
1004,1016,1,1,1,111,8,Low Value Customer,1
1005,1017,3,2,3,323,22,High Value Customer,1
1006,1018,3,3,3,333,24,Top Customer,0
1007,1019,1,1,2,112,9,Low Value Customer,1
1008,1020,1,2,2,122,11,Low Value Customer,1
1009,1021,4,4,4,444,32,Top Customer,0
1010,1022,4,4,3,443,31,Top Customer,0
1011,1023,2,3,2,232,18,High Value Customer,1
1012,1024,2,1,2,212,14,Medium Value Customer,1
1013,1025,3,2,1,321,20,High Value Customer,1
1014,1026,1,2,2,122,11,Low Value Customer,1
1015,1027,3,1,4,314,21,High Value Customer,1
1016,1028,2,2,3,223,17,High Value Customer,1
1017,1029,3,2,3,323,22,High Value Customer,1
1018,1030,4,3,3,433,29,Top Customer,0
1019,1031,4,4,3,443,31,Top Customer,0
1020,1032,2,2,1,221,15,Medium Value Customer,1
1021,1033,4,3,3,433,29,Top Customer,0
1022,1034,1,3,3,133,14,Medium Value Customer,1
1023,1035,2,3,2,232,18,High Value Customer,1
1024,1036,1,2,2,122,11,Low Value Customer,1
1025,1037,2,3,3,233,19,High Value Customer,1
1026,1038,4,3,4,434,30,Top Customer,0
1027,1039,4,3,2,432,28,Top Customer,0
1028,1040,2,1,3,213,15,Medium Value Customer,1
1029,1041,2,1,2,212,14,Medium Value Customer,1
1030,1042,3,2,1,321,20,High Value Customer,1
1031,1043,2,2,2,222,16,Medium Value Customer,1
1032,1044,2,1,1,211,13,Medium Value Customer,1
1033,1045,2,2,1,221,15,Medium Value Customer,1
1034,1046,1,1,3,113,10,Low Value Customer,1
1035,1047,4,4,4,444,32,Top Customer,0
1036,1048,4,4,4,444,32,Top Customer,0
1037,1049,1,1,1,111,8,Low Value Customer,1
1038,1050,3,1,1,311,18,High Value Customer,1
1039,1051,4,1,3,413,25,Top Customer,1
1040,1052,2,2,3,223,17,High Value Customer,1
1041,1053,2,1,1,211,13,Medium Value Customer,1
1042,1054,1,1,2,112,9,Low Value Customer,1
1043,1055,2,1,1,211,13,Medium Value Customer,1
1044,1056,1,1,1,111,8,Low Value Customer,1
1045,1057,3,4,4,344,27,Top Customer,0
1046,1058,3,2,3,323,22,High Value Customer,0
1047,1059,1,2,1,121,10,Low Value Customer,1
1048,1060,3,2,2,322,21,High Value Customer,1
1049,1061,2,2,3,223,17,High Value Customer,1
1050,1062,2,1,1,211,13,Medium Value Customer,1
1051,1063,1,3,4,134,15,Medium Value Customer,1
1052,1064,3,2,2,322,21,High Value Customer,0
1053,1065,1,2,1,121,10,Low Value Customer,1
1054,1066,1,2,1,121,10,Low Value Customer,1
1055,1067,1,1,3,113,10,Low Value Customer,1
1056,1068,3,3,3,333,24,Top Customer,0
1057,1069,4,4,3,443,31,Top Customer,0
1058,1070,2,3,2,232,18,High Value Customer,1
1059,1071,4,3,2,432,28,Top Customer,0
1060,1072,4,3,4,434,30,Top Customer,0
1061,1073,3,4,3,343,26,Top Customer,0
1062,1074,1,1,1,111,8,Low Value Customer,1
1063,1075,3,1,1,311,18,High Value Customer,1
1064,1076,3,2,1,321,20,High Value Customer,1
1065,1077,1,1,2,112,9,Low Value Customer,1
1066,1078,1,3,3,133,14,Medium Value Customer,1
1067,1079,1,2,1,121,10,Low Value Customer,1
1068,1080,1,1,1,111,8,Low Value Customer,1
1069,1081,2,1,3,213,15,Medium Value Customer,1
1070,1082,4,3,2,432,28,Top Customer,0
1071,1083,1,1,1,111,8,Low Value Customer,1
1072,1084,1,1,1,111,8,Low Value Customer,1
1073,1085,1,2,1,121,10,Low Value Customer,1
1074,1086,1,1,1,111,8,Low Value Customer,1
1075,1087,3,3,4,334,25,Top Customer,0
1076,1088,2,1,1,211,13,Medium Value Customer,1
1077,1089,2,1,1,211,13,Medium Value Customer,1
1078,1090,2,1,1,211,13,Medium Value Customer,1
1079,1091,1,2,4,124,13,Medium Value Customer,1
1080,1092,2,3,2,232,18,High Value Customer,1
1081,1093,2,1,1,211,13,Medium Value Customer,1
1082,1094,4,3,3,433,29,Top Customer,0
1083,1095,4,4,3,443,31,Top Customer,0
1084,1096,1,1,1,111,8,Low Value Customer,1
1085,1097,3,2,1,321,20,High Value Customer,1
1086,1098,4,3,2,432,28,Top Customer,0
1087,1099,1,1,1,111,8,Low Value Customer,1
1088,1100,1,2,2,122,11,Low Value Customer,1
1089,1101,4,4,3,443,31,Top Customer,0
1090,1102,2,3,2,232,18,High Value Customer,1
1091,1103,2,3,3,233,19,High Value Customer,1
1092,1104,3,1,1,311,18,High Value Customer,1
1093,1105,2,1,1,211,13,Medium Value Customer,1
1094,1106,2,2,2,222,16,Medium Value Customer,1
1095,1107,1,1,1,111,8,Low Value Customer,1
1096,1108,3,3,3,333,24,Top Customer,0
1097,1109,4,3,3,433,29,Top Customer,0
1098,1110,1,1,2,112,9,Low Value Customer,1
1099,1111,4,3,4,434,30,Top Customer,0
1100,1112,2,2,1,221,15,Medium Value Customer,1
1101,1113,2,3,3,233,19,High Value Customer,1
1102,1114,2,3,4,234,20,High Value Customer,1
1103,1115,4,2,3,423,27,Top Customer,0
1104,1116,4,2,4,424,28,Top Customer,0
1105,1117,3,2,2,322,21,High Value Customer,1
1106,1118,2,1,1,211,13,Medium Value Customer,1
1107,1119,2,1,1,211,13,Medium Value Customer,1
1108,1120,1,1,1,111,8,Low Value Customer,1
1109,1121,4,3,3,433,29,Top Customer,0
1110,1122,3,2,2,322,21,High Value Customer,1
1111,1123,1,1,1,111,8,Low Value Customer,1
1112,1124,4,2,1,421,25,Top Customer,1
1113,1125,3,1,1,311,18,High Value Customer,1
1114,1126,3,2,2,322,21,High Value Customer,1
1115,1127,2,3,4,234,20,High Value Customer,1
1116,1128,4,4,4,444,32,Top Customer,0
1117,1129,1,1,1,111,8,Low Value Customer,1
1118,1130,3,2,1,321,20,High Value Customer,1
1119,1131,2,2,4,224,18,High Value Customer,1
1120,1132,2,2,2,222,16,Medium Value Customer,1
1121,1133,1,2,3,123,12,Medium Value Customer,1
1122,1134,4,4,3,443,31,Top Customer,0
1123,1135,4,4,3,443,31,Top Customer,0
1124,1136,1,1,1,111,8,Low Value Customer,1
1125,1137,2,2,4,224,18,High Value Customer,1
1126,1138,1,1,1,111,8,Low Value Customer,1
1127,1139,2,2,1,221,15,Medium Value Customer,1
1128,1140,1,1,1,111,8,Low Value Customer,1
1129,1141,3,4,4,344,27,Top Customer,0
1130,1142,1,1,1,111,8,Low Value Customer,1
1131,1143,1,2,1,121,10,Low Value Customer,1
1132,1144,2,3,2,232,18,High Value Customer,1
1133,1145,1,1,2,112,9,Low Value Customer,1
1134,1146,3,3,4,334,25,Top Customer,0
1135,1147,1,1,1,111,8,Low Value Customer,1
1136,1148,3,4,2,342,25,Top Customer,0
1137,1149,3,2,2,322,21,High Value Customer,1
1138,1150,3,2,1,321,20,High Value Customer,1
1139,1151,1,1,1,111,8,Low Value Customer,1
1140,1152,3,3,2,332,23,Top Customer,1
1141,1153,2,1,1,211,13,Medium Value Customer,1
1142,1154,3,3,4,334,25,Top Customer,0
1143,1155,2,1,1,211,13,Medium Value Customer,1
1144,1156,3,4,3,343,26,Top Customer,0
1145,1157,2,2,1,221,15,Medium Value Customer,1
1146,1158,2,2,4,224,18,High Value Customer,1
1147,1159,1,3,3,133,14,Medium Value Customer,1
1148,1160,1,1,1,111,8,Low Value Customer,1
1149,1161,2,1,1,211,13,Medium Value Customer,1
1150,1162,2,2,3,223,17,High Value Customer,1
1151,1163,3,4,4,344,27,Top Customer,0
1152,1164,4,4,4,444,32,Top Customer,0
1153,1165,1,1,2,112,9,Low Value Customer,1
1154,1166,3,3,3,333,24,Top Customer,0
1155,1167,3,4,3,343,26,Top Customer,0
1156,1168,3,2,2,322,21,High Value Customer,1
1157,1169,1,1,2,112,9,Low Value Customer,1
1158,1170,3,1,2,312,19,High Value Customer,1
1159,1171,1,1,2,112,9,Low Value Customer,1
1160,1172,2,3,1,231,17,High Value Customer,1
1161,1173,3,4,3,343,26,Top Customer,0
1162,1174,3,1,1,311,18,High Value Customer,1
1163,1175,4,3,2,432,28,Top Customer,0
1164,1176,1,1,3,113,10,Low Value Customer,1
1165,1177,4,4,4,444,32,Top Customer,0
1166,1178,1,1,1,111,8,Low Value Customer,1
1167,1179,3,2,3,323,22,High Value Customer,1
1168,1180,1,1,4,114,11,Low Value Customer,1
1169,1181,2,2,2,222,16,Medium Value Customer,1
1170,1182,1,2,4,124,13,Medium Value Customer,1
1171,1183,2,1,4,214,16,Medium Value Customer,1
1172,1184,4,2,2,422,26,Top Customer,0
1173,1185,4,2,2,422,26,Top Customer,0
1174,1186,2,1,2,212,14,Medium Value Customer,1
1175,1187,1,1,1,111,8,Low Value Customer,1
1176,1188,2,2,2,222,16,Medium Value Customer,1
1177,1189,1,1,1,111,8,Low Value Customer,1
1178,1190,2,2,3,223,17,High Value Customer,1
1179,1191,2,3,3,233,19,High Value Customer,1
1180,1192,1,1,2,112,9,Low Value Customer,1
1181,1193,4,4,4,444,32,Top Customer,0
1182,1194,2,2,1,221,15,Medium Value Customer,1
1183,1195,1,1,1,111,8,Low Value Customer,1
1184,1196,3,3,4,334,25,Top Customer,0
1185,1197,3,3,4,334,25,Top Customer,0
1186,1198,2,3,2,232,18,High Value Customer,1
1187,1199,1,1,1,111,8,Low Value Customer,1
1188,1200,2,3,3,233,19,High Value Customer,1
1189,1201,2,2,2,222,16,Medium Value Customer,1
1190,1202,4,4,4,444,32,Top Customer,0
1191,1203,3,2,1,321,20,High Value Customer,1
1192,1204,2,4,4,244,22,High Value Customer,1
1193,1205,3,4,4,344,27,Top Customer,0
1194,1206,1,1,1,111,8,Low Value Customer,1
1195,1207,2,1,1,211,13,Medium Value Customer,1
1196,1208,2,3,3,233,19,High Value Customer,1
1197,1209,1,1,1,111,8,Low Value Customer,1
1198,1210,2,2,1,221,15,Medium Value Customer,1
1199,1211,3,1,1,311,18,High Value Customer,1
1200,1212,2,1,1,211,13,Medium Value Customer,1
1201,1213,3,2,2,322,21,High Value Customer,1
1202,1214,4,4,4,444,32,Top Customer,0
1203,1215,2,2,3,223,17,High Value Customer,1
1204,1216,3,2,1,321,20,High Value Customer,1
1205,1217,2,1,2,212,14,Medium Value Customer,1
1206,1218,1,1,2,112,9,Low Value Customer,1
1207,1219,4,4,4,444,32,Top Customer,0
1208,1220,1,2,2,122,11,Low Value Customer,1
1209,1221,3,4,4,344,27,Top Customer,0
1210,1222,1,1,1,111,8,Low Value Customer,1
1211,1223,3,3,1,331,22,High Value Customer,1
1212,1224,4,3,2,432,28,Top Customer,0
1213,1225,2,3,3,233,19,High Value Customer,1
1214,1226,2,1,3,213,15,Medium Value Customer,1
1215,1227,1,1,1,111,8,Low Value Customer,1
1216,1228,3,1,1,311,18,High Value Customer,1
1217,1229,3,3,3,333,24,Top Customer,0
1218,1230,4,1,1,411,23,Top Customer,1
1219,1231,2,2,3,223,17,High Value Customer,1
1220,1232,4,4,3,443,31,Top Customer,0
1221,1233,2,2,1,221,15,Medium Value Customer,1
1222,1234,1,2,2,122,11,Low Value Customer,1
1223,1235,1,2,1,121,10,Low Value Customer,1
1224,1236,2,1,1,211,13,Medium Value Customer,1
1225,1237,2,2,1,221,15,Medium Value Customer,1
1226,1238,3,3,3,333,24,Top Customer,0
1227,1239,1,2,3,123,12,Medium Value Customer,1
1228,1240,4,4,3,443,31,Top Customer,0
1229,1241,3,3,3,333,24,Top Customer,0
1230,1242,3,3,1,331,22,High Value Customer,1
1231,1243,1,1,1,111,8,Low Value Customer,1
1232,1244,4,4,3,443,31,Top Customer,0
1233,1245,1,1,1,111,8,Low Value Customer,1
1234,1246,1,2,2,122,11,Low Value Customer,1
1235,1247,2,2,2,222,16,Medium Value Customer,1
1236,1248,2,1,1,211,13,Medium Value Customer,1
1237,1249,1,1,1,111,8,Low Value Customer,1
1238,1250,4,3,3,433,29,Top Customer,0
1239,1251,1,1,1,111,8,Low Value Customer,1
1240,1252,1,1,1,111,8,Low Value Customer,1
1241,1253,1,1,1,111,8,Low Value Customer,1
1242,1254,4,1,1,411,23,Top Customer,1
1243,1255,2,1,1,211,13,Medium Value Customer,1
1244,1256,2,1,1,211,13,Medium Value Customer,1
1245,1257,3,3,4,334,25,Top Customer,0
1246,1258,1,1,1,111,8,Low Value Customer,1
1247,1259,2,2,2,222,16,Medium Value Customer,1
1248,1260,1,2,2,122,11,Low Value Customer,1
1249,1261,2,2,1,221,15,Medium Value Customer,1
1250,1262,2,2,3,223,17,High Value Customer,1
1251,1263,2,2,3,223,17,High Value Customer,1
1252,1264,1,1,1,111,8,Low Value Customer,1
1253,1265,3,3,3,333,24,Top Customer,0
1254,1266,1,1,4,114,11,Low Value Customer,1
1255,1267,3,4,3,343,26,Top Customer,0
1256,1268,1,1,1,111,8,Low Value Customer,1
1257,1269,3,3,2,332,23,Top Customer,0
1258,1270,1,1,1,111,8,Low Value Customer,1
1259,1271,3,2,3,323,22,High Value Customer,1
1260,1272,3,2,4,324,23,Top Customer,1
1261,1273,4,4,4,444,32,Top Customer,0
1262,1274,1,1,1,111,8,Low Value Customer,1
1263,1275,2,3,3,233,19,High Value Customer,1
1264,1276,4,4,4,444,32,Top Customer,0
1265,1277,3,3,4,334,25,Top Customer,1
1266,1278,2,2,3,223,17,High Value Customer,1
1267,1279,4,2,2,422,26,Top Customer,1
1268,1280,3,3,3,333,24,Top Customer,0
1269,1281,3,2,3,323,22,High Value Customer,1
1270,1282,3,2,2,322,21,High Value Customer,1
1271,1283,2,1,1,211,13,Medium Value Customer,1
1272,1284,3,4,3,343,26,Top Customer,0
1273,1285,2,1,1,211,13,Medium Value Customer,1
1274,1286,1,2,3,123,12,Medium Value Customer,1
1275,1287,1,1,1,111,8,Low Value Customer,1
1276,1288,3,3,2,332,23,Top Customer,0
1277,1289,1,1,1,111,8,Low Value Customer,1
1278,1290,1,1,1,111,8,Low Value Customer,1
1279,1291,1,1,1,111,8,Low Value Customer,1
1280,1292,1,2,2,122,11,Low Value Customer,1
1281,1293,1,1,1,111,8,Low Value Customer,1
1282,1294,2,1,2,212,14,Medium Value Customer,1
1283,1295,4,4,3,443,31,Top Customer,0
1284,1296,1,1,1,111,8,Low Value Customer,1
1285,1297,4,4,3,443,31,Top Customer,0
1286,1298,1,1,2,112,9,Low Value Customer,1
1287,1299,1,1,3,113,10,Low Value Customer,1
1288,1300,3,3,3,333,24,Top Customer,0
1289,1301,1,1,1,111,8,Low Value Customer,1
1290,1302,4,2,2,422,26,Top Customer,1
1291,1303,1,1,2,112,9,Low Value Customer,1
1292,1304,2,1,1,211,13,Medium Value Customer,1
1293,1305,2,3,2,232,18,High Value Customer,1
1294,1306,1,3,3,133,14,Medium Value Customer,1
1295,1307,2,2,1,221,15,Medium Value Customer,1
1296,1308,4,3,3,433,29,Top Customer,0
1297,1309,3,3,2,332,23,Top Customer,0
1298,1310,1,1,2,112,9,Low Value Customer,1
1299,1311,1,1,1,111,8,Low Value Customer,1
1300,1312,1,1,1,111,8,Low Value Customer,1
1301,1313,1,1,1,111,8,Low Value Customer,1
1302,1314,3,2,1,321,20,High Value Customer,1
1303,1315,2,1,1,211,13,Medium Value Customer,1
1304,1316,1,2,2,122,11,Low Value Customer,1
1305,1317,1,1,1,111,8,Low Value Customer,1
1306,1318,2,3,3,233,19,High Value Customer,1
1307,1319,2,2,3,223,17,High Value Customer,1
1308,1320,1,1,1,111,8,Low Value Customer,1
1309,1321,2,1,1,211,13,Medium Value Customer,1
1310,1322,2,1,1,211,13,Medium Value Customer,1
1311,1323,1,1,1,111,8,Low Value Customer,1
1312,1324,2,4,4,244,22,High Value Customer,1
1313,1325,3,4,3,343,26,Top Customer,0
1314,1326,2,1,1,211,13,Medium Value Customer,1
1315,1327,4,3,4,434,30,Top Customer,0
1316,1328,1,1,1,111,8,Low Value Customer,1
1317,1329,1,1,1,111,8,Low Value Customer,1
1318,1330,3,4,2,342,25,Top Customer,0
1319,1331,2,2,2,222,16,Medium Value Customer,1
1320,1332,1,1,1,111,8,Low Value Customer,1
1321,1333,2,3,1,231,17,High Value Customer,1
1322,1334,2,1,1,211,13,Medium Value Customer,1
1323,1335,3,3,4,334,25,Top Customer,0
1324,1336,1,1,2,112,9,Low Value Customer,1
1325,1337,1,1,1,111,8,Low Value Customer,1
1326,1338,3,3,2,332,23,Top Customer,1
1327,1339,2,1,1,211,13,Medium Value Customer,1
1328,1340,1,1,1,111,8,Low Value Customer,1
1329,1341,3,1,1,311,18,High Value Customer,1
1330,1342,2,2,3,223,17,High Value Customer,1
1331,1343,4,3,3,433,29,Top Customer,0
1332,1344,4,4,4,444,32,Top Customer,0
1333,1345,1,1,1,111,8,Low Value Customer,1
1334,1346,2,1,1,211,13,Medium Value Customer,1
1335,1347,4,4,3,443,31,Top Customer,0
1336,1348,4,3,2,432,28,Top Customer,1
1337,1349,3,2,2,322,21,High Value Customer,1
1338,1350,3,3,3,333,24,Top Customer,0
1339,1351,1,1,1,111,8,Low Value Customer,1
1340,1352,1,1,2,112,9,Low Value Customer,1
1341,1353,1,1,2,112,9,Low Value Customer,1
1342,1354,4,3,2,432,28,Top Customer,0
1343,1355,1,1,1,111,8,Low Value Customer,1
1344,1356,4,3,3,433,29,Top Customer,0
1345,1357,1,1,1,111,8,Low Value Customer,1
1346,1358,3,1,1,311,18,High Value Customer,1
1347,1359,1,1,1,111,8,Low Value Customer,1
1348,1360,3,4,4,344,27,Top Customer,0
1349,1361,3,4,3,343,26,Top Customer,0
1350,1362,4,4,4,444,32,Top Customer,0
1351,1363,1,1,1,111,8,Low Value Customer,1
1352,1364,1,1,1,111,8,Low Value Customer,1
1353,1365,4,1,1,411,23,Top Customer,1
1354,1366,2,3,2,232,18,High Value Customer,1
1355,1367,4,4,4,444,32,Top Customer,0
1356,1368,3,3,3,333,24,Top Customer,1
1357,1369,1,1,2,112,9,Low Value Customer,1
1358,1370,2,1,1,211,13,Medium Value Customer,1
1359,1371,4,4,4,444,32,Top Customer,0
1360,1372,1,1,1,111,8,Low Value Customer,1
1361,1373,1,1,1,111,8,Low Value Customer,1
1362,1374,1,2,2,122,11,Low Value Customer,1
1363,1375,4,4,4,444,32,Top Customer,0
1364,1376,3,2,2,322,21,High Value Customer,1
1365,1377,4,3,2,432,28,Top Customer,1
1366,1378,3,2,2,322,21,High Value Customer,1
1367,1379,1,1,1,111,8,Low Value Customer,1
1368,1380,4,4,4,444,32,Top Customer,0
1369,1381,1,1,1,111,8,Low Value Customer,1
1370,1382,2,2,4,224,18,High Value Customer,1
1371,1383,3,3,2,332,23,Top Customer,0
1372,1384,3,3,2,332,23,Top Customer,1
1373,1385,2,2,2,222,16,Medium Value Customer,1
1374,1386,4,4,4,444,32,Top Customer,0
1375,1387,4,4,3,443,31,Top Customer,0
1376,1388,3,3,2,332,23,Top Customer,1
1377,1389,2,3,2,232,18,High Value Customer,1
1378,1390,1,1,1,111,8,Low Value Customer,1
1379,1391,1,1,1,111,8,Low Value Customer,1
1380,1392,1,1,1,111,8,Low Value Customer,1
1381,1393,1,1,1,111,8,Low Value Customer,1
1382,1394,3,1,1,311,18,High Value Customer,1
1383,1395,4,4,3,443,31,Top Customer,0
1384,1396,2,2,1,221,15,Medium Value Customer,1
1385,1397,4,4,4,444,32,Top Customer,0
1386,1398,3,3,2,332,23,Top Customer,1
1387,1399,2,1,1,211,13,Medium Value Customer,1
1388,1400,1,1,2,112,9,Low Value Customer,1
1389,1401,1,2,4,124,13,Medium Value Customer,1
1390,1402,4,4,4,444,32,Top Customer,0
1391,1403,4,2,4,424,28,Top Customer,1
1392,1404,1,1,1,111,8,Low Value Customer,1
1393,1405,1,1,1,111,8,Low Value Customer,1
1394,1406,2,1,1,211,13,Medium Value Customer,1
1395,1407,3,3,1,331,22,High Value Customer,1
1396,1408,2,1,2,212,14,Medium Value Customer,1
1397,1409,3,4,3,343,26,Top Customer,0
1398,1410,4,4,3,443,31,Top Customer,0
1399,1411,4,4,3,443,31,Top Customer,0
1400,1412,3,3,1,331,22,High Value Customer,1
1401,1413,2,1,1,211,13,Medium Value Customer,1
1402,1414,3,4,4,344,27,Top Customer,0
1403,1415,4,2,1,421,25,Top Customer,1
1404,1416,1,3,1,131,12,Medium Value Customer,1
1405,1417,2,2,1,221,15,Medium Value Customer,1
1406,1418,4,3,2,432,28,Top Customer,0
1407,1419,4,1,3,413,25,Top Customer,1
1408,1420,2,1,3,213,15,Medium Value Customer,1
1409,1421,4,3,4,434,30,Top Customer,0
1410,1422,2,2,2,222,16,Medium Value Customer,1
1411,1423,1,1,1,111,8,Low Value Customer,1
1412,1424,3,4,4,344,27,Top Customer,0
1413,1425,2,3,2,232,18,High Value Customer,1
1414,1426,2,3,2,232,18,High Value Customer,1
1415,1427,2,2,1,221,15,Medium Value Customer,1
1416,1428,2,3,3,233,19,High Value Customer,1
1417,1429,3,3,3,333,24,Top Customer,0
1418,1430,2,1,2,212,14,Medium Value Customer,1
1419,1431,3,3,2,332,23,Top Customer,1
1420,1432,4,4,3,443,31,Top Customer,0
1421,1433,4,4,3,443,31,Top Customer,0
1422,1434,2,2,3,223,17,High Value Customer,1
1423,1435,3,3,2,332,23,Top Customer,1
1424,1436,2,2,1,221,15,Medium Value Customer,1
1425,1437,1,1,1,111,8,Low Value Customer,1
1426,1438,4,1,1,411,23,Top Customer,1
1427,1439,3,1,2,312,19,High Value Customer,1
1428,1440,2,1,1,211,13,Medium Value Customer,1
1429,1441,3,3,3,333,24,Top Customer,1
1430,1442,2,1,2,212,14,Medium Value Customer,1
1431,1443,2,1,2,212,14,Medium Value Customer,1
1432,1444,4,3,3,433,29,Top Customer,0
1433,1445,3,2,1,321,20,High Value Customer,1
1434,1446,3,4,3,343,26,Top Customer,0
1435,1447,3,2,3,323,22,High Value Customer,1
1436,1448,4,4,4,444,32,Top Customer,0
1437,1449,1,1,1,111,8,Low Value Customer,1
1438,1450,1,1,1,111,8,Low Value Customer,1
1439,1451,1,1,1,111,8,Low Value Customer,1
1440,1452,4,2,1,421,25,Top Customer,1
1441,1453,2,3,4,234,20,High Value Customer,1
1442,1454,3,2,2,322,21,High Value Customer,1
1443,1455,3,2,1,321,20,High Value Customer,1
1444,1456,2,1,1,211,13,Medium Value Customer,1
1445,1457,1,1,1,111,8,Low Value Customer,1
1446,1458,1,1,2,112,9,Low Value Customer,1
1447,1459,1,1,1,111,8,Low Value Customer,1
1448,1460,4,2,4,424,28,Top Customer,1
1449,1461,2,1,1,211,13,Medium Value Customer,1
1450,1462,1,1,2,112,9,Low Value Customer,1
1451,1463,1,1,1,111,8,Low Value Customer,1
1452,1464,4,4,3,443,31,Top Customer,0
1453,1465,3,2,4,324,23,Top Customer,1
1454,1466,2,1,1,211,13,Medium Value Customer,1
1455,1467,2,3,2,232,18,High Value Customer,1
1456,1468,2,1,1,211,13,Medium Value Customer,1
1457,1469,2,1,2,212,14,Medium Value Customer,1
1458,1470,2,1,1,211,13,Medium Value Customer,1
1459,1471,1,1,2,112,9,Low Value Customer,1
1460,1472,2,1,1,211,13,Medium Value Customer,1
1461,1473,1,1,1,111,8,Low Value Customer,1
1462,1474,2,1,1,211,13,Medium Value Customer,1
1463,1475,1,1,1,111,8,Low Value Customer,1
1464,1476,1,1,1,111,8,Low Value Customer,1
1465,1477,3,2,2,322,21,High Value Customer,1
1466,1478,4,3,4,434,30,Top Customer,0
1467,1479,2,1,2,212,14,Medium Value Customer,1
1468,1480,2,1,3,213,15,Medium Value Customer,1
1469,1481,1,1,1,111,8,Low Value Customer,1
1470,1482,1,1,1,111,8,Low Value Customer,1
1471,1483,3,1,1,311,18,High Value Customer,1
1472,1484,1,2,1,121,10,Low Value Customer,1
1473,1485,4,4,3,443,31,Top Customer,0
1474,1486,1,1,1,111,8,Low Value Customer,1
1475,1487,4,2,2,422,26,Top Customer,1
1476,1488,1,1,1,111,8,Low Value Customer,1
1477,1489,1,2,1,121,10,Low Value Customer,1
1478,1490,3,3,3,333,24,Top Customer,1
1479,1491,3,3,2,332,23,Top Customer,1
1480,1492,1,1,2,112,9,Low Value Customer,1
1481,1493,2,2,1,221,15,Medium Value Customer,1
1482,1494,1,2,1,121,10,Low Value Customer,1
1483,1495,1,1,1,111,8,Low Value Customer,1
1484,1496,4,4,3,443,31,Top Customer,0
1485,1497,2,1,2,212,14,Medium Value Customer,1
1486,1498,1,1,1,111,8,Low Value Customer,1
1487,1499,1,1,1,111,8,Low Value Customer,1
1488,1500,3,1,4,314,21,High Value Customer,1
1489,1501,2,1,3,213,15,Medium Value Customer,1
1490,1502,4,3,2,432,28,Top Customer,0
1491,1503,4,1,2,412,24,Top Customer,1
1492,1504,1,1,2,112,9,Low Value Customer,1
1493,1505,1,1,4,114,11,Low Value Customer,1
1494,1506,1,1,1,111,8,Low Value Customer,1
1495,1507,1,1,1,111,8,Low Value Customer,1
1496,1508,3,3,3,333,24,Top Customer,0
1497,1509,2,1,1,211,13,Medium Value Customer,1
1498,1510,3,3,4,334,25,Top Customer,1
1499,1511,1,1,1,111,8,Low Value Customer,1
1500,1512,2,1,2,212,14,Medium Value Customer,1
1501,1513,4,3,4,434,30,Top Customer,0
1502,1514,2,1,1,211,13,Medium Value Customer,1
1503,1515,1,1,2,112,9,Low Value Customer,1
1504,1516,1,1,2,112,9,Low Value Customer,1
1505,1517,2,1,2,212,14,Medium Value Customer,1
1506,1518,1,1,3,113,10,Low Value Customer,1
1507,1519,1,1,1,111,8,Low Value Customer,1
1508,1520,1,1,1,111,8,Low Value Customer,1
1509,1521,1,1,3,113,10,Low Value Customer,1
1510,1522,3,3,2,332,23,Top Customer,1
1511,1523,2,2,1,221,15,Medium Value Customer,1
1512,1524,1,2,2,122,11,Low Value Customer,1
1513,1525,4,4,4,444,32,Top Customer,0
1514,1526,2,1,4,214,16,Medium Value Customer,1
1515,1527,2,2,1,221,15,Medium Value Customer,1
1516,1528,1,1,1,111,8,Low Value Customer,1
1517,1529,2,2,2,222,16,Medium Value Customer,1
1518,1530,4,3,4,434,30,Top Customer,0
1519,1531,2,1,3,213,15,Medium Value Customer,1
1520,1532,1,1,1,111,8,Low Value Customer,1
1521,1533,4,3,2,432,28,Top Customer,1
1522,1534,1,1,1,111,8,Low Value Customer,1
1523,1535,2,2,1,221,15,Medium Value Customer,1
1524,1536,3,1,1,311,18,High Value Customer,1
1525,1537,1,1,4,114,11,Low Value Customer,1
1526,1538,2,1,1,211,13,Medium Value Customer,1
1527,1539,2,1,1,211,13,Medium Value Customer,1
1528,1540,2,2,1,221,15,Medium Value Customer,1
1529,1541,2,1,1,211,13,Medium Value Customer,1
1530,1542,3,2,2,322,21,High Value Customer,1
1531,1543,3,2,1,321,20,High Value Customer,1
1532,1544,1,1,1,111,8,Low Value Customer,1
1533,1545,4,3,2,432,28,Top Customer,1
1534,1546,2,1,3,213,15,Medium Value Customer,1
1535,1547,4,2,3,423,27,Top Customer,1
1536,1548,1,1,3,113,10,Low Value Customer,1
1537,1549,3,3,4,334,25,Top Customer,1
1538,1550,3,1,1,311,18,High Value Customer,1
1539,1551,1,1,1,111,8,Low Value Customer,1
1540,1552,1,1,1,111,8,Low Value Customer,1
1541,1553,2,1,3,213,15,Medium Value Customer,1
1542,1585,4,1,2,412,24,Top Customer,1
1543,1591,4,2,2,422,26,Top Customer,1
1544,1593,2,1,2,212,14,Medium Value Customer,1
1545,1601,2,2,2,222,16,Medium Value Customer,1
1546,1605,2,1,2,212,14,Medium Value Customer,1
1547,1612,1,1,1,111,8,Low Value Customer,1
1548,1617,4,2,3,423,27,Top Customer,1
1549,1618,2,1,1,211,13,Medium Value Customer,1
1550,1623,2,1,1,211,13,Medium Value Customer,1
1551,1626,2,2,2,222,16,Medium Value Customer,1
1552,1627,2,1,1,211,13,Medium Value Customer,1
1553,1635,2,1,1,211,13,Medium Value Customer,1
1554,1646,3,1,2,312,19,High Value Customer,1
1555,1661,2,1,1,211,13,Medium Value Customer,1
1556,1662,2,1,1,211,13,Medium Value Customer,1
1557,1809,2,1,1,211,13,Medium Value Customer,1
1558,1884,2,1,1,211,13,Medium Value Customer,1
1559,1950,2,1,2,212,14,Medium Value Customer,1
1560,1996,2,1,2,212,14,Medium Value Customer,1
1561,2010,2,1,2,212,14,Medium Value Customer,1
1562,2049,2,1,1,211,13,Medium Value Customer,1
1563,2057,3,2,4,324,23,Top Customer,1
1564,2078,3,1,1,311,18,High Value Customer,1
1565,2108,2,1,1,211,13,Medium Value Customer,1
1566,2115,3,2,1,321,20,High Value Customer,1
1567,2138,2,1,2,212,14,Medium Value Customer,1
1568,2173,3,3,1,331,22,High Value Customer,1
1569,2200,1,1,1,111,8,Low Value Customer,1
1570,2248,3,1,1,311,18,High Value Customer,1
1571,2273,4,2,3,423,27,Top Customer,1
1572,2299,2,1,1,211,13,Medium Value Customer,1
1573,2300,2,1,1,211,13,Medium Value Customer,1
1574,2309,2,2,2,222,16,Medium Value Customer,1
1575,2336,3,1,1,311,18,High Value Customer,1
1576,2354,4,3,2,432,28,Top Customer,1
1577,2391,2,1,1,211,13,Medium Value Customer,1
1578,2395,4,2,4,424,28,Top Customer,1
1579,2399,2,1,1,211,13,Medium Value Customer,1
1580,2431,3,2,2,322,21,High Value Customer,1
1581,2444,2,1,1,211,13,Medium Value Customer,1
1582,2476,4,2,1,421,25,Top Customer,1
1583,2487,2,1,1,211,13,Medium Value Customer,1
1584,2555,1,1,1,111,8,Low Value Customer,1
1585,2559,2,1,1,211,13,Medium Value Customer,1
1586,2572,4,1,1,411,23,Top Customer,1
1587,2604,2,2,1,221,15,Medium Value Customer,1
1588,2610,2,1,2,212,14,Medium Value Customer,1
1589,2625,2,1,2,212,14,Medium Value Customer,1
1590,2645,4,1,2,412,24,Top Customer,1
1591,2663,4,4,4,444,32,Top Customer,1
1592,2724,1,1,1,111,8,Low Value Customer,1
1593,2740,1,1,3,113,10,Low Value Customer,1
1594,2773,3,3,3,333,24,Top Customer,1
1595,2791,2,1,1,211,13,Medium Value Customer,1
1596,2806,2,1,2,212,14,Medium Value Customer,1
1597,2808,3,1,3,313,20,High Value Customer,1
1598,2824,2,1,1,211,13,Medium Value Customer,1
1599,2825,3,1,3,313,20,High Value Customer,1
1600,2826,3,1,1,311,18,High Value Customer,1
1601,2848,4,3,4,434,30,Top Customer,1
1602,2857,4,2,1,421,25,Top Customer,1
1603,2859,4,4,4,444,32,Top Customer,1
1604,2861,2,2,4,224,18,High Value Customer,1
1605,2862,3,3,3,333,24,Top Customer,1
1606,2864,3,1,1,311,18,High Value Customer,1
1607,2866,4,3,1,431,27,Top Customer,1
1608,2870,2,1,2,212,14,Medium Value Customer,1
1609,2871,3,1,3,313,20,High Value Customer,1
1610,2872,3,1,1,311,18,High Value Customer,1
1611,2875,3,2,4,324,23,Top Customer,1
1612,2877,3,3,3,333,24,Top Customer,1
1613,2878,4,3,2,432,28,Top Customer,1
1614,2902,3,1,2,312,19,High Value Customer,1
1615,2904,3,3,3,333,24,Top Customer,1
1616,2905,4,4,4,444,32,Top Customer,1
1617,2906,4,3,4,434,30,Top Customer,1
1618,2907,2,2,2,222,16,Medium Value Customer,1
1619,2908,2,1,1,211,13,Medium Value Customer,1
1620,2909,2,1,1,211,13,Medium Value Customer,1
1621,2910,2,1,1,211,13,Medium Value Customer,1
1622,2911,4,4,4,444,32,Top Customer,1
1623,2912,2,1,1,211,13,Medium Value Customer,1
1624,2913,1,1,1,111,8,Low Value Customer,1
1625,2914,3,2,1,321,20,High Value Customer,1
1626,2915,1,1,2,112,9,Low Value Customer,1
1627,2916,1,1,3,113,10,Low Value Customer,1
1628,2917,1,1,2,112,9,Low Value Customer,1
1629,2926,3,1,1,311,18,High Value Customer,1
1630,2928,4,2,4,424,28,Top Customer,1
1631,2931,2,1,3,213,15,Medium Value Customer,1
1632,2932,4,1,2,412,24,Top Customer,1
1633,2933,2,1,2,212,14,Medium Value Customer,1
1634,2935,3,3,2,332,23,Top Customer,1
1635,2938,2,1,1,211,13,Medium Value Customer,1
1636,2941,3,2,3,323,22,High Value Customer,1
1637,2943,3,3,3,333,24,Top Customer,1
1638,2944,4,3,3,433,29,Top Customer,1
1639,2945,2,1,1,211,13,Medium Value Customer,1
1640,2946,3,3,2,332,23,Top Customer,1
1641,2947,4,2,2,422,26,Top Customer,1
1642,2948,3,2,1,321,20,High Value Customer,1
1643,2949,2,1,1,211,13,Medium Value Customer,1
1644,2951,4,2,1,421,25,Top Customer,1
1645,2952,3,1,1,311,18,High Value Customer,1
1646,2953,4,3,4,434,30,Top Customer,1
1647,2955,4,2,2,422,26,Top Customer,1
1648,2958,3,2,2,322,21,High Value Customer,1
1649,2960,4,3,4,434,30,Top Customer,1
1650,2961,2,1,1,211,13,Medium Value Customer,1
1651,2962,3,2,1,321,20,High Value Customer,1
1652,2998,4,3,2,432,28,Top Customer,1
1653,3005,3,1,1,311,18,High Value Customer,1
1654,3019,2,1,1,211,13,Medium Value Customer,1
1655,3020,2,1,2,212,14,Medium Value Customer,1
1656,3034,4,2,4,424,28,Top Customer,1
1657,3039,3,2,1,321,20,High Value Customer,1
1658,3040,4,3,2,432,28,Top Customer,1
1659,3045,3,2,3,323,22,High Value Customer,1
1660,3048,3,2,1,321,20,High Value Customer,1
1661,3056,3,2,2,322,21,High Value Customer,1
1662,3060,4,3,3,433,29,Top Customer,1
1663,3063,2,1,1,211,13,Medium Value Customer,1
1664,3064,4,3,3,433,29,Top Customer,1
1665,3069,3,2,1,321,20,High Value Customer,1
1666,3070,3,2,1,321,20,High Value Customer,1
1667,3074,4,3,2,432,28,Top Customer,1
1668,3075,4,3,3,433,29,Top Customer,1
1669,3076,4,3,4,434,30,Top Customer,1
1670,3087,4,2,4,424,28,Top Customer,1
1671,3089,4,3,3,433,29,Top Customer,1
1672,3091,3,2,3,323,22,High Value Customer,1
1673,3096,4,3,3,433,29,Top Customer,1
1674,3097,3,2,3,323,22,High Value Customer,1
1675,3098,4,2,2,422,26,Top Customer,1
1676,3099,2,1,1,211,13,Medium Value Customer,1
1677,3101,2,1,1,211,13,Medium Value Customer,1
1678,3107,4,2,2,422,26,Top Customer,1
1679,3108,2,1,1,211,13,Medium Value Customer,1
1680,3109,4,2,2,422,26,Top Customer,1
1681,3112,3,2,1,321,20,High Value Customer,1
1682,3115,3,2,2,322,21,High Value Customer,1
1683,3116,3,2,2,322,21,High Value Customer,1
1684,3118,2,1,1,211,13,Medium Value Customer,1
1685,3121,2,1,1,211,13,Medium Value Customer,1
1686,3131,2,1,1,211,13,Medium Value Customer,1
1687,3133,2,1,1,211,13,Medium Value Customer,1
1688,3135,2,1,1,211,13,Medium Value Customer,1
1689,3140,4,1,3,413,25,Top Customer,1
1690,3150,4,1,1,411,23,Top Customer,1
1691,3152,2,1,1,211,13,Medium Value Customer,1
1692,3164,4,1,3,413,25,Top Customer,1
1693,3177,4,1,2,412,24,Top Customer,1
1694,3178,2,1,3,213,15,Medium Value Customer,1
